device_id,refresh_day,cat_art,cat_edu,cat_ent,cat_finance,cat_game,cat_gj,cat_other,cat_party,cat_sh,cat_sport,cat_tech,cat_war
5f28fb010fd3a014af6708d14b080de3bea6948e,30,0.0,0.0,0.5,0.0,0.0,0.0,0.5,0.0,0.0,0.0,0.0,0.0
C4M0217C04001466,30,,,,,,,,,,,,
f8f9d2e8f3e51897cc9d1f00026a37408798a49e,30,,,,,,,,,,,,
6a6c1455d7553ae91ba8b696853049e62c6bfdb9,30,,,,,,,,,,,,
26976e478ed7fb8c09826fbad80ab0178d92dad3,30,,,,,,,,,,,,
763bfa2d99a66c4ffd0e9baf8457d4f700b797c3,30,,,,,,,,,,,,
0d7feb9069b3286ab624b702682fd53f0eede674,30,,,,,,,,,,,,
2907ed3996562cfa9bbb29d4c6d8f994a4725e0d,30,,,,,,,,,,,,
d17ef258fbe12890424e9fd16ef8b48f15b566e2,30,,,,,,,,,,,,
5JPDU17715010667,30,,,,,,,,,,,,
5b190da76fd21b21c794827867dd44d1356df252,30,,,,,,,,,,,,
90ec0378586cc34d7ca06aeef113f0a74e756a9e,30,,,,,,,,,,,,
EJL4C17508053196,30,,,,,,,,,,,,
5bb9fe88,30,,,,,,,,,,,,
988919394d3648535a,30,0.0,0.0,0.0,1.0,0.0,0.0,0.0,0.0,0.0,0.0,0.0,0.0
8a984f16ad2202b0f0db32fd627c7c8751a640e4,30,,,,,,,,,,,,
6c2453dd5e4c822c6635c255d36e5e5a8dd383b8,30,0.0,0.0,0.0,0.0,0.0,0.0,1.0,0.0,0.0,0.0,0.0,0.0
f5ca186a7712ef1b3ed7708d562c66fc2d14ae47,30,,,,,,,,,,,,
TEV7N16C29001759,30,,,,,,,,,,,,
26c9d2a0305059442d51dbc8bceb4bfaa236e260,30,,,,,,,,,,,,
52f8363262127b79204fe44c9db0b5e9cbbe26e9,30,,,,,,,,,,,,
4YY4C17518006350,30,,,,,,,,,,,,
820e9ac5e9df7f1e538213c91d6ec05468efc85d,30,,,,,,,,,,,,
ee629227,30,,,,,,,,,,,,
0d526bba93d4ab014ad312c18c2b9caa8c5a9b63,30,,,,,,,,,,,,
3323f215,30,,,,,,,,,,,,
416c2bbc,30,,,,,,,,,,,,
0a25c09e5527be9277403f01e09260d16e5c7219,30,,,,,,,,,,,,
640c564393f43e437fea627521b6495b438ecd3a,30,,,,,,,,,,,,
WJX5T17707001562,30,,,,,,,,,,,,
ea7048686195c585bf62945b6bcb35043e8c1de3,30,,,,,,,,,,,,
8f4ad9e3f914fc59e0898de82711b227d270ff0c,30,0.0,0.0,0.0,0.0,0.0,0.0,1.0,0.0,0.0,0.0,0.0,0.0
1b8ac9c14dc01d44bf29271b5f376c523475629e,30,,,,,,,,,,,,
4febbaf4,30,,,,,,,,,,,,
cb863226cf907cac2de975f5f6d2aa37c57141b5,30,,,,,,,,,,,,
5226c3da9b6d822b0a8a5854259f1110cb9a2fe3,30,,,,,,,,,,,,
c3f6792abbf454d24794a1ba2d8465d2e3a5fa94,30,,,,,,,,,,,,
74ea3ca90d00017dc343b7b8f4ec0c39c09ed54e,30,,,,,,,,,,,,
1fe600320604,30,,,,,,,,,,,,
55a6f2662cea7e4d660383ef341a4e725bfd84b4,30,,,,,,,,,,,,
26671b183c4765dd16f7837285e886d9c1bb1c7e,30,,,,,,,,,,,,
C1NGA2E7A1813546,30,,,,,,,,,,,,
5777c086b2ce681db91208a018d2532ebd687cdb,30,,,,,,,,,,,,
cdeda9cf28a74134ebce4eff33d61b833ba32d34,30,,,,,,,,,,,,
a643ae6406296c8d033e38063b4a9fba874ebed8,30,,,,,,,,,,,,
1693a2f5615685275c96764e22686013960b383b,30,,,,,,,,,,,,
16f005d1a6918e7733f0ec87e91ea089cab38b03,30,,,,,,,,,,,,
a5f32f0c8176ff4d0301f42df1c3c9344df4f639,30,,,,,,,,,,,,
TEV0217224004084,30,,,,,,,,,,,,
c829caa581aa8a6595dc3fa02742dfaab6ce4b7d,30,,,,,,,,,,,,
9a14460c7c35f81385a14de6c3020e8a07b4b071,30,,,,,,,,,,,,
f7d55f800d153b9d7f3a3023b91a6efbbfce194a,30,,,,,,,,,,,,
25f1d178b4ad48f8a4a75d4874e3aab939d6b259,30,,,,,,,,,,,,
36531110,30,,,,,,,,,,,,
2cd28e96573b8d0df60f7bb5e31bdb6058ea2b6c,30,,,,,,,,,,,,
decfd1b6d9b9db8917232e0e7ec9eaf77dde2c40,30,,,,,,,,,,,,
8d1a1ee23f5b456148e5d1eb23d414ca7cd83bcb,30,,,,,,,,,,,,
9406cf7f136861128a619fc29816d38819ce2d29,30,,,,,,,,,,,,
604699e620916ae1fc6504d09e4d80a38a5530d4,30,,,,,,,,,,,,
SJE7N17817002608,30,,,,,,,,,,,,
fdaf7b4036b21f465ac527bdcaa662b601eff584,30,,,,,,,,,,,,
12a08d606897b047d52b93b9e4abf31f0cf40520,30,,,,,,,,,,,,
fb5647238c303fa70da1a588e92b35827b2d843b,30,,,,,,,,,,,,
807e2c354a89044306f3fba2d43a58b6cef4f420,30,0.0,0.0,0.0,1.0,0.0,0.0,0.0,0.0,0.0,0.0,0.0,0.0
1a799d450d027ece,30,,,,,,,,,,,,
ce0917195ae4dc650c7e,30,,,,,,,,,,,,
CJL5T16317009093,30,,,,,,,,,,,,
0fe944dc9523d64a6209dc3ba2ef3d1c8ceec827,30,,,,,,,,,,,,
f075d254337e8c6d0e89b85b125764c012c0695f,30,0.0,0.0,0.0,0.0,0.0,0.0,0.0,1.0,0.0,0.0,0.0,0.0
ddb904116041d867ef9a4e450784546272d8f6ce,30,0.0,0.0,0.0,0.0,0.0,0.0,0.0,0.0,0.0,1.0,0.0,0.0
ab82e0ff7d20ff8dd801a21d6ac743dbd857141b,30,0.0,0.0,0.0,0.0,0.0,0.0,1.0,0.0,0.0,0.0,0.0,0.0
c5bd43ccea0db8629c445432185791b20db42868,30,,,,,,,,,,,,
73ac1bade59bf278af16bbc55cdd46c8f3f6c936,30,,,,,,,,,,,,
6f9f2c503218707f9583de850fd5470ce0e7f9d3,30,,,,,,,,,,,,
1299be43b6ad692574a24cab890602101d6f8082,30,,,,,,,,,,,,
3bb885be,30,,,,,,,,,,,,
CLB7N18329013407,30,,,,,,,,,,,,
8a71a1c9,30,,,,,,,,,,,,
9423ed82ba5cf3f51eca62226b58b1842300dacc,30,,,,,,,,,,,,
358ac741793d57f5093a821b45c01ef4e498c79e,30,,,,,,,,,,,,
29c74293c30381a8f65368babd5269819c2091da,30,0.0,0.0,0.0,0.0,0.0,0.0,1.0,0.0,0.0,0.0,0.0,0.0
a41a1cad6c9fad825de20906fd4a627e0e7810eb,30,,,,,,,,,,,,
1c6d3f7e7c176507293e5cc0a1dd9f50f0571d65,30,,,,,,,,,,,,
KWG7N16819004514,30,,,,,,,,,,,,
b6ecc630,30,,,,,,,,,,,,
DJUBB17A28160202,30,,,,,,,,,,,,
ce031713c3d5a4300d,30,,,,,,,,,,,,
06dadc924ebd0c7463d118c5065346d96e6d67ab,30,0.0,0.0,0.0,0.0,0.0,0.0,0.0,0.0,1.0,0.0,0.0,0.0
d77a49794b944e9d4cb7c3b31cdc1ac8ed7c7168,30,,,,,,,,,,,,
b710ededc2e81257436727b3c9f6c1f875a46d0f,30,,,,,,,,,,,,
80QBCNQ22JAA,30,,,,,,,,,,,,
5eee7833,30,,,,,,,,,,,,
d2c9a728e54836e74e6889abb1a14a84285da2d2,30,,,,,,,,,,,,
1dda051f,30,,,,,,,,,,,,
e344f9d6a2254d3a6c7ac2b33c3f27dfe0514e05,30,,,,,,,,,,,,
a05da37225f33d2cc444b864d0d5426c047c86f0,30,,,,,,,,,,,,
d6ae2cb35103afb5a4f96f7d2a465fb58e21eef6,30,,,,,,,,,,,,
9ab545317b9296fb91238460c49b17fe294b27bb,30,,,,,,,,,,,,
582cf17d,30,,,,,,,,,,,,
a7a878702d9bfb269c3cad243e043f56bde09c6c,30,,,,,,,,,,,,
3HX7N16C13014409,30,,,,,,,,,,,,
afcfbd97adf8ac6cd2c0aac70fb146553f5d7552,30,,,,,,,,,,,,
HKL47BC4,30,,,,,,,,,,,,
cf2fe0200603,30,,,,,,,,,,,,
fe5fb6ec1576cbc1f16635ce0d8b508db7249de2,30,,,,,,,,,,,,
d2ae3d628d3109120baea7d39780cff687a5eac0,30,,,,,,,,,,,,
777319fb12567b0158d0aca9529389418b1878e2,30,,,,,,,,,,,,
U10AFCPH235TW,30,,,,,,,,,,,,
ba30a8f4ac2727a5e08c90ed4181a7df41f6d1bb,30,,,,,,,,,,,,
f7a4ba8ee360d538f81a205146f77b887216b9a6,30,,,,,,,,,,,,
360d012,30,,,,,,,,,,,,
c0a7347a8699f91ca5773fba197a2ffe8b70cb5a,30,,,,,,,,,,,,
c0011e67d696c0ef7a6d25819c19097f9dc93130,30,,,,,,,,,,,,
902ce016,30,,,,,,,,,,,,
ed76d554e87e5a74d592193e9b75d016c9d9a00b,30,,,,,,,,,,,,
7bf74259a779b21bf521d55c88cf011678bee02f,30,,,,,,,,,,,,
2f8230f47045fa1c7b0cf00cefd93bcfa7105e2f,30,,,,,,,,,,,,
b0b1646d51617db402ccb21e2e7000cc96aa3938,30,,,,,,,,,,,,
58b11a7e,30,0.0,0.0,0.0,0.0,0.0,0.0,0.0,0.0,0.0,0.0,1.0,0.0
a8b28f61b75c2ec9426d8885a3610daeb41a134c,30,,,,,,,,,,,,
1a72500921027ece,30,,,,,,,,,,,,
650dbb9faa2a1c338e907bb87652a2e6bac00cd3,30,,,,,,,,,,,,
040501e72e2d1f3edae50f1e1e89c4eb66aaf182,30,,,,,,,,,,,,
241f90e17dd2e4ee57a115046c637a1078173220,30,,,,,,,,,,,,
14b1066b82bd2d7a5f72a887f7899da2ea82ccb1,30,,,,,,,,,,,,
42514e9e71e6663ad45ccf90156d9ae40a3f47f8,30,,,,,,,,,,,,
1741be8905cc895bb8a06eff46c4ac2df56eec09,30,,,,,,,,,,,,
4317a7ac05ab73d4d8a6a3740e199d9d2b44b4a6,30,0.0,0.0,0.0,0.0,0.0,0.0,0.0,0.0,0.0,0.0,0.0,1.0
d6f7aa3585fcf7819b43dfb670193d5500199928,30,0.0,0.0,0.0,0.0,0.0,0.0,0.0,0.0,1.0,0.0,0.0,0.0
de90c15dd9655a2f0ba4d0ad07f44e8e72b66be3,30,,,,,,,,,,,,
e91510f6d36b3f38b7ebd3073e726ac954904645,30,,,,,,,,,,,,
9b1a2328974a65207f76cb5e07725cac1ef3ba93,30,,,,,,,,,,,,
fd84c1e6340ffe9cddd0ea485158ea13a98e372c,30,,,,,,,,,,,,
N8K7N17211000210,30,,,,,,,,,,,,
7f41b28e,30,,,,,,,,,,,,
22c6e71ec2e95bcae56000e6d2e638ec429de7db,30,,,,,,,,,,,,
a3edfc59a4a6f407403e2d931fad8e4c8a690527,30,,,,,,,,,,,,
394ecbe0d1cb729ce5033d4a670c1c2c423f9aaf,30,,,,,,,,,,,,
621QEBPR2M46J,30,,,,,,,,,,,,
ad8faa7607bcda912cab770d14ae5182baa0a1c6,30,,,,,,,,,,,,
b56df5b6718b041d44340bcc05ecdb995556e2fc,30,,,,,,,,,,,,
c4138ca16cbf242376b2841c4f62143a0fb12652,30,,,,,,,,,,,,
AKC7N18320013458,30,,,,,,,,,,,,
7309ba17322d7c735f9c9414b0d5a333db0bbe7b,30,,,,,,,,,,,,
ed50fd95a6aad7f4e3b5b43891d3e4aee52171ea,30,,,,,,,,,,,,
6f23e2a4,30,,,,,,,,,,,,
d0c9c0e62ad7b0cd40715b70e6d4fa2bb5e71fb8,30,,,,,,,,,,,,
07ac9842b5fd7bf251e3e78e90528ef9446521d7,30,,,,,,,,,,,,
a2f4e876,30,,,,,,,,,,,,
D3H0218201006634,30,,,,,,,,,,,,
18e3dd12,30,,,,,,,,,,,,
83096e04,30,,,,,,,,,,,,
D3H7N17B24004873,30,,,,,,,,,,,,
f76476a7acd5ac4b16ab5002c1cf71dba49ef20b,30,,,,,,,,,,,,
334e918575fc3df39d6075bdc6a3a06f7e7aed8c,30,,,,,,,,,,,,
66525490e52a77ef3724b7b082fc0df327e7a4a0,30,,,,,,,,,,,,
0de57ab8e1af7326a7c0904f240c46adedecfc17,30,,,,,,,,,,,,
f5a8a6b3f72141161e7c713101e27b62967c520d,30,,,,,,,,,,,,
988914315354495a42,30,,,,,,,,,,,,
0ae3b3a022c3bb11d3d17011501a2c1cba36d938,30,,,,,,,,,,,,
fa592d0be45450cc7afec21cf14ac80c24711f20,30,,,,,,,,,,,,
b6ce7e793478f3089e9c703f7344bb21a4d4ded3,30,,,,,,,,,,,,
UYT7N17B22005868,30,,,,,,,,,,,,
98891a433836314630,30,,,,,,,,,,,,
71682dfd808f0b48f479ed7564d9c2b00ffc201f,30,,,,,,,,,,,,
21a4bdc,30,,,,,,,,,,,,
481b4f7c8734f182dc348a3f5905f5e2e15dee86,30,,,,,,,,,,,,
8e61d45f,30,0.0,0.0,0.0,0.0,0.0,0.0,0.0,0.0,1.0,0.0,0.0,0.0
8c4af90f854cca3231a30b8a3e34d1a7d3fe39f1,30,,,,,,,,,,,,
d34cdc32,30,,,,,,,,,,,,
3PL7N17B09000351,30,0.0,0.0,0.0,0.0,0.0,0.0,0.0,0.0,0.0,0.0,1.0,0.0
1b4933257c4870cb929abbb3f21e8e75b2b46185,30,,,,,,,,,,,,
093f558ba63d7b63ae7a83bdd1baace1b1cbcc44,30,,,,,,,,,,,,
60d7a37e4aba06a07d77a945a19ce24ddac6a72c,30,,,,,,,,,,,,
ea2adc2c908ff40e6381d0d55a78cf5af93d2336,30,,,,,,,,,,,,
13ad49d69986c462848d662c082caa5d6d1bdd8a,30,,,,,,,,,,,,
NWP0217B07000916,30,,,,,,,,,,,,
de036d4d247531050cf82cf59d7f7a71a5133220,30,,,,,,,,,,,,
46de5f38b709c59eeadca51e00f4a508d337b665,30,,,,,,,,,,,,
dd4abec6aebf4e4b36cfd00c932b59074e68242b,30,,,,,,,,,,,,
d2776a81,30,,,,,,,,,,,,
CSXDU17626001114,30,,,,,,,,,,,,
e9ffeff743a5d878d3f0bf5539ae81b5798a1148,30,,,,,,,,,,,,
d74ee0010404,30,,,,,,,,,,,,
98899a46414f414636,30,,,,,,,,,,,,
S9B4C17410015368,30,,,,,,,,,,,,
0aa6053a2e755a1d4b840296f8f883a1c30f328b,30,,,,,,,,,,,,
2e867e55ce3445871aba071273955e1cb9832c65,30,,,,,,,,,,,,
bd271ad24c323f96701e8304ee85401e741c0009,30,,,,,,,,,,,,
1d98f0d1,30,,,,,,,,,,,,
c2fadc19,30,,,,,,,,,,,,
5a3dc477,30,,,,,,,,,,,,
ab29c0bb42ead24be362795ddb165c265ed1b5a1,30,,,,,,,,,,,,
N8K0217210011577,30,,,,,,,,,,,,
b772794a333b0d7b4c00445febf0631d5f719df4,30,,,,,,,,,,,,
2565ba9f5101d6966cd6e1fd7885ff80ba6e8315,30,,,,,,,,,,,,
9639ce6a409f1ebae5aa28dc50bf752cb5e80813,30,,,,,,,,,,,,
cb212b820a7b0887e1f4b4245282f057a30358dc,30,,,,,,,,,,,,
db4ad2089804,30,,,,,,,,,,,,
adc7b18e24912f299fa4b0ffef521a2cea0327ac,30,,,,,,,,,,,,
3ee8a8959c492813b334e981e39c0ef12a81d03f,30,,,,,,,,,,,,
3cd20de4beeec9298f02650599e75cb47a9793d0,30,,,,,,,,,,,,
H6D7N15421003290,30,,,,,,,,,,,,
8f0e4aa190bb3bc6d8c764c28af01c83a86a81c0,30,,,,,,,,,,,,
a34b1145ed551bc48038060c723548974becd522,30,,,,,,,,,,,,
06e89ea1c53c08e11ce680e6d60d78e89540f3e6,30,,,,,,,,,,,,
ab175fa43a144cb60e5bc21558e2d6454f46e1bf,30,,,,,,,,,,,,
4cf3fd8a6bcb4b25ce17e72d8a25d8b1973ab77b,30,0.0,0.0,0.0,0.0,0.0,0.0,0.0,0.0,0.0,1.0,0.0,0.0
M92QACPSYRG54,30,,,,,,,,,,,,
MKJ4C18106004499,30,,,,,,,,,,,,
a4db28a9efe3decaa3fef21efe3b0ef81f6b4eb6,30,,,,,,,,,,,,
8a26fedc,30,,,,,,,,,,,,
988919435739305032,30,,,,,,,,,,,,
d3285f228e8337055de7684ad3f055f8544b3ab6,30,,,,,,,,,,,,
721QECRD2F4E2,30,,,,,,,,,,,,
2e394150ebcc42a8d7adf0163a899b5e5cbdfb87,30,,,,,,,,,,,,
ec41097e64e87b5b9c4d2fb9358f2645422396fa,30,,,,,,,,,,,,
4dfab5db464f5d75399d15091cccd1a2def4f46e,30,,,,,,,,,,,,
900897ab,30,,,,,,,,,,,,
7c4bc9b,30,,,,,,,,,,,,
78c3d67bdd161e7a73959b6e3c6a5fbd5186e373,30,,,,,,,,,,,,
5dda65f0,30,,,,,,,,,,,,
be7bed38c7515c241f84c9d03426f6b3efb4ae7b,30,,,,,,,,,,,,
9YEDU18403006871,30,0.0,0.0,0.0,0.0,0.0,0.0,0.0,0.0,1.0,0.0,0.0,0.0
4559364c31443098,30,,,,,,,,,,,,
0230a56bcc34bc48518f5498f460610a0ff40d41,30,,,,,,,,,,,,
047cef2dd1773a89681c73a98e577ad99d68566b,30,,,,,,,,,,,,
22917392fe782757d6e3c4c58b7c511414e23270,30,,,,,,,,,,,,
849409d577ba2ce8de039fd216ceb826022efcb6,30,,,,,,,,,,,,
399ac992,30,,,,,,,,,,,,
b6f408d52edf39b71ec2849f9318ca455db89091,30,,,,,,,,,,,,
TWGDU17715001003,30,,,,,,,,,,,,
6b77238e7f5d559b53e1fbe77f0f097c016b42a4,30,,,,,,,,,,,,
09888344b8c721668bb94623e432423a4da45cad,30,0.0,0.0,0.0,0.0,0.0,0.0,0.0,0.0,0.0,0.0,1.0,0.0
a935c6a083b23c9cea7fd0ef3197859cddc64c07,30,,,,,,,,,,,,
7ef86596b1e53dc12c1c7e482c934f368ffb901f,30,0.0,0.0,1.0,0.0,0.0,0.0,0.0,0.0,0.0,0.0,0.0,0.0
59130773a458c0fa4f296c82ddef138d3901e930,30,,,,,,,,,,,,
d76be39eb421ba4f5680ce9a77f7c8f27070899d,30,,,,,,,,,,,,
01b57c4d4cda99cfd3b1a157ece8c9de5c9272fe,30,,,,,,,,,,,,
JJMN89SGPRUKEY9L,30,,,,,,,,,,,,
60fb3e99c16316f96cb29a131c77e8cd079c5ffd,30,,,,,,,,,,,,
971caf83,30,,,,,,,,,,,,
CJL5T16120029241,30,,,,,,,,,,,,
9af7435d8882b35e4775e93e1accf72a59bec6c1,30,,,,,,,,,,,,
3e2e957ece431e4706bd04cec1ed1da66c349926,30,,,,,,,,,,,,
5EF0217C14007074,30,,,,,,,,,,,,
CJL0216913003974,30,,,,,,,,,,,,
cba84056d9b4144c7ceed19dbd5bc1e49cad5229,30,,,,,,,,,,,,
0d2e5255840438206813cb6a17cc87bbcbcd4431,30,,,,,,,,,,,,
68a09f0b,30,,,,,,,,,,,,
51640f88d5341f65a5feaac7537d972f29236f86,30,0.0,0.0,0.0,0.0,0.0,0.0,0.0,0.0,0.0,0.0,1.0,0.0
35c59e5b,30,,,,,,,,,,,,
9a88339a2917a4d29d34330a614602c7bc125ac7,30,,,,,,,,,,,,
7f74e1889567fb255850930da924e85fbe17fcd3,30,,,,,,,,,,,,
dd750a9059b12685d030e79a0e917ba0a0f422fd,30,,,,,,,,,,,,
8e202c6f06f56588e9d43604e1e01f03a640b19a,30,,,,,,,,,,,,
977625d68c6ad509e0c9010dc2ef97fa6d52d1c8,30,0.0,0.0,0.0,0.0,0.0,0.0,0.0,1.0,0.0,0.0,0.0,0.0
9YEDU18428003608,30,,,,,,,,,,,,
792QBER6226YP,30,,,,,,,,,,,,
WGY0217517001826,30,,,,,,,,,,,,
963a6a49179a75df9df6b02952098d4666c5c592,30,,,,,,,,,,,,
7dba363d298bb0837ae3e6c6cfac8ecc73b2844b,30,,,,,,,,,,,,
995f6fe1,30,,,,,,,,,,,,
e96b6d855c1d439a92f70bdf7b3dcc5bfc324fdb,30,,,,,,,,,,,,
EECYZ5W8ZLAUNVFM,30,,,,,,,,,,,,
513de82579e8a5fc830fb4d165a4ef02d33a6957,30,,,,,,,,,,,,
fd0d359b,30,,,,,,,,,,,,
5EF7N17B23004112,30,,,,,,,,,,,,
2351f3d8a30d7ece,30,,,,,,,,,,,,
e9ccdd7994f398b145ac6a989180e4b9ec79f993,30,,,,,,,,,,,,
4b17044d,30,,,,,,,,,,,,
d7431075,30,,,,,,,,,,,,
e652a72,30,,,,,,,,,,,,
84b7e031,30,,,,,,,,,,,,
11e445ba,30,,,,,,,,,,,,
fe03c6eb,30,,,,,,,,,,,,
56ac0c99,30,,,,,,,,,,,,
ce1fdc4a51def2a94b10d2fb274e95478f4d122c,30,,,,,,,,,,,,
ff94c81e,30,,,,,,,,,,,,
WGY0217401006796,30,0.0,0.0,0.0,0.0,0.0,0.0,0.0,0.0,0.0,0.0,1.0,0.0
b317101b0721b844d954f1a22c3b7da627c60401,30,,,,,,,,,,,,
9YE0218426018274,30,,,,,,,,,,,,
H4P0218406000502,30,,,,,,,,,,,,
e6af7eb853ef7085638ca53a4f4671ada9e78f5f,30,,,,,,,,,,,,
167df9803183d87fd86d2f5eaeb6b17963d3c521,30,,,,,,,,,,,,
7409de9cb6f3e288bf23277ad4d9d1055e9f50e8,30,,,,,,,,,,,,
5EF0217B16003337,30,,,,,,,,,,,,
dd5b36ac6ffa814d2df4336c2529d66c8a923942,30,,,,,,,,,,,,
RKKDU18326000718,30,0.0,0.0,0.0,1.0,0.0,0.0,0.0,0.0,0.0,0.0,0.0,0.0
1015fa6171e52703,30,,,,,,,,,,,,
0815f812e3d92602,30,0.0,0.0,0.0,0.0,0.0,0.0,1.0,0.0,0.0,0.0,0.0,0.0
8e68ffe9246ca6f91702951bcb9cf6fefce99dd0,30,,,,,,,,,,,,
7c4d6b5b4a7d0d77c0d38847c55e0ced1cab5505,30,,,,,,,,,,,,
8PEITCYTTGFEPFRK,30,,,,,,,,,,,,
28c425a9,30,,,,,,,,,,,,
679115ed4d2d339e7990408e6c0dea3913a8795c,30,,,,,,,,,,,,
b64d4d2c2da9dc7652f3d20259fe9a95c70f5dcd,30,,,,,,,,,,,,
97004abb7c5ee3112c402da1fa5eba24ecf55d7e,30,,,,,,,,,,,,
CJL5T16108036194,30,,,,,,,,,,,,
f7519321490f96c298f02318028fa548fa1db310,30,,,,,,,,,,,,
e24e5e7627a3cfde117eae5622208339b8fe1f4d,30,,,,,,,,,,,,
GWY0217217000627,30,,,,,,,,,,,,
081ccfdfc5f0b05e293bb9a107efb95eec9d508c,30,,,,,,,,,,,,
ff0470c649454944ed32331121ff36f3dfedbf4c,30,,,,,,,,,,,,
78496ad5,30,,,,,,,,,,,,
f043c5ba,30,,,,,,,,,,,,
5JPDU17715018169,30,,,,,,,,,,,,
b402a1163243c8aaff25b0c700f8a5b13665b1f6,30,0.0,0.0,0.0,1.0,0.0,0.0,0.0,0.0,0.0,0.0,0.0,0.0
860BDMJ226VH,30,,,,,,,,,,,,
faeb45732d4c02fab1bfed5827de28499b0b7aed,30,,,,,,,,,,,,
b585dcf4,30,,,,,,,,,,,,
009acdae5274,30,,,,,,,,,,,,
37be1fec73e43ac8723b8d612b82de83985568a1,30,,,,,,,,,,,,
e42500fb236a3e2b1f2b9eab0a66e4b4e350034c,30,,,,,,,,,,,,
78502ad06771c837c8949cd9860742f77da7f19e,30,,,,,,,,,,,,
955e4884,30,,,,,,,,,,,,
73265685bc58d079e5abe99b8b01c5c9fb74123f,30,,,,,,,,,,,,
e8549a42550d092bede87c4f533265b6d433e995,30,0.0,0.0,0.5,0.0,0.0,0.0,0.0,0.0,0.0,0.0,0.0,0.5
b7c0eeb35f470257ee72018b1f484792d911720a,30,,,,,,,,,,,,
b0e897742797256c7266862c2dad1f2ab012f5f5,30,,,,,,,,,,,,
MJ89HMGY99999999,30,0.0,1.0,0.0,0.0,0.0,0.0,0.0,0.0,0.0,0.0,0.0,0.0
3HX5T17407003891,30,,,,,,,,,,,,
4902bf6fa6b343afdad855c1819ead6db5056389,30,,,,,,,,,,,,
157edacd31f6dc25dba6e5fcd4c4cf66f5c42759,30,,,,,,,,,,,,
a17f1983,30,,,,,,,,,,,,
cb74fbe9e7559e72bc574f21063f465baa4b61b9,30,,,,,,,,,,,,
0067c04c90f3aa0ac5ce8eb348a97b3e4dbeb4d8,30,,,,,,,,,,,,
3HX0217908002780,30,,,,,,,,,,,,
D5F0218424003684,30,,,,,,,,,,,,
43dcfc99973f0f84f4bf65289b96886fda873499,30,,,,,,,,,,,,
26ebf185,30,,,,,,,,,,,,
c749a75ca48ea68f73ea44c500367103d603f01d,30,,,,,,,,,,,,
111dd3a661eb09501badf035d319904203d9f5a8,30,,,,,,,,,,,,
339e6ce95d7a94726cea21f6d12784ba8a92c744,30,,,,,,,,,,,,
1329ec93b0dd223a5777d9961bb6671d96b8f5a2,30,,,,,,,,,,,,
1b082cd8bc80b8e535aacefed159632155a7de84,30,,,,,,,,,,,,
P7C0217C20003269,30,,,,,,,,,,,,
f522d90e83a7a86af8084fdf51ef96889ae57360,30,,,,,,,,,,,,
71dbd32d,30,,,,,,,,,,,,
60175937fd311d7fda30eb6388b69adbec7ce6ba,30,,,,,,,,,,,,
acce220d8831c20da385a4fa0310f95603f43c3e,30,,,,,,,,,,,,
b4d36e43b8489ce547ad2d42c207fe00c4b1c565,30,,,,,,,,,,,,
910edf322a3d0eeea4778b1c52af6713f9fee3e1,30,,,,,,,,,,,,
a7c2698addc70d862f8b8edc253fe38f698cea71,30,,,,,,,,,,,,
567d099956e81bcf9a12afafdb3b0eb9a3b77c27,30,,,,,,,,,,,,
ZX1G225566,30,,,,,,,,,,,,
0597ac8650864fade2245b5bab50831dba03bf09,30,0.0,0.0,0.0,0.0,0.0,0.0,0.0,0.0,0.0,0.0,1.0,0.0
2dc255adc3fb419fed3ef8f9449393dc3968beff,30,,,,,,,,,,,,
4ffba58512927633a604b2bf002632fbf8985e03,30,,,,,,,,,,,,
WTK7N16A22012298,30,,,,,,,,,,,,
98d822d4,30,,,,,,,,,,,,
NDF7N18228003442,30,,,,,,,,,,,,
9976f011ad6a296e53466f346f3b70771bdb7acb,30,,,,,,,,,,,,
8FS7N16819010824,30,,,,,,,,,,,,
304157e4,30,,,,,,,,,,,,
CLB7N18413012819,30,,,,,,,,,,,,
9cdac7d2399eb1ac732b68258db881697d577a3d,30,,,,,,,,,,,,
17a75b5351cc9d9b35526d4871f16e7a9c1d0ab4,30,,,,,,,,,,,,
1aa69d4ac1c0f0085b076fdaf5f72f5cebcf2a9f,30,,,,,,,,,,,,
e0e93e79f02b8320c0bab52954d065a82dba2fdb,30,0.0,0.0,0.0,1.0,0.0,0.0,0.0,0.0,0.0,0.0,0.0,0.0
1a5dcec4,30,,,,,,,,,,,,
95e2040d25a969e656e929b92a21570f1fb7971a,30,,,,,,,,,,,,
B2T5T16B09028084,30,,,,,,,,,,,,
c4f06426cddb6b2613a5a24c5ae78d1dfb7fd445,30,0.0,0.0,0.0,0.0,0.0,0.0,0.0,0.0,1.0,0.0,0.0,0.0
RJC5T17930016765,30,,,,,,,,,,,,
a32bf8dab13a6afea23d4a1cda3c54e6e83ff545,30,,,,,,,,,,,,
d8e4cc1eda9e2491c2591b9c340b369d4a9dbd28,30,,,,,,,,,,,,
5EF0218315001647,30,,,,,,,,,,,,
3d5e5cfa,30,,,,,,,,,,,,
48d09382c05ad9be2e336b2d0cdaf455463b0b57,30,,,,,,,,,,,,
382e20a253d2bd5578f722cb796185bcd79a6f46,30,,,,,,,,,,,,
1c0b1e0072b8c1488d4ff0b201b8654e4fc15ee5,30,0.0,0.0,0.0,0.0,0.0,0.0,0.0,0.0,0.0,0.0,0.0,1.0
CJL7N15C08003830,30,,,,,,,,,,,,
451ded94303bb5b203ae734c668a6da499ac4cfc,30,,,,,,,,,,,,
4a7bac47,30,0.0,0.0,0.0,0.0,0.0,0.0,1.0,0.0,0.0,0.0,0.0,0.0
881QAESHK9BXR,30,,,,,,,,,,,,
f775f7ebd0c65ee5ed6f0f4cbe890258d29891fc,30,,,,,,,,,,,,
6f96368d6081dd045111fcdfbb4afea0294a7bdb,30,,,,,,,,,,,,
0d424e967f4f1e7930c7f2f1abbbe527d7190fe0,30,,,,,,,,,,,,
XPUDU17228005746,30,0.0,0.0,0.0,0.0,0.0,0.0,0.0,0.0,1.0,0.0,0.0,0.0
79BQADR6DFBM4,30,,,,,,,,,,,,
ae422aed1af46597cdd0b41c5e1b60368ab83182,30,,,,,,,,,,,,
92992a08,30,,,,,,,,,,,,
b164aaa8e67ddbedbce4daf641f411b6e6d4ead4,30,,,,,,,,,,,,
d74d61762882becb675eefa9ff2db3b0affe88eb,30,,,,,,,,,,,,
10584b43f089c2c553b659cdb7479483c082d05a,30,,,,,,,,,,,,
UDN7N17C26001777,30,,,,,,,,,,,,
143e326609fbde00e0d3accc89dee9ed3c2c68c5,30,,,,,,,,,,,,
2e465c8e72303ceae8a8275c7b715758c3967069,30,,,,,,,,,,,,
c05a386340bbfc7017b3cc91240851f412b7d27c,30,,,,,,,,,,,,
9367ac2a74ec827935da8bff59b2128997606f0b,30,,,,,,,,,,,,
7bb83d34bfa209d606d5e6550c3e070e48385717,30,,,,,,,,,,,,
2b0a8b31857f5d2df48263f5e3f35262984e0552,30,,,,,,,,,,,,
98895a47475a4c3335,30,,,,,,,,,,,,
9aa3459,30,,,,,,,,,,,,
212e8e875a83ed7db1835c31294db8047be0cd8d,30,,,,,,,,,,,,
5EF0218521000727,30,,,,,,,,,,,,
5e75c71f005daac8783f6ca94e58bc5139725dac,30,,,,,,,,,,,,
80f7fd2d91444c39c5366222fd1d29e8f76e673a,30,,,,,,,,,,,,
1be59327f911855a46d7e33c652ff9587bf7c707,30,,,,,,,,,,,,
fd479c6c9206eb0c0666ea2263828a23cf3df6f4,30,,,,,,,,,,,,
1d04a51,30,,,,,,,,,,,,
40627de994dd2575f141082653449e163d40de91,30,,,,,,,,,,,,
6ca3cfc649652f297c5d79ef9729c6e268b47ad1,30,,,,,,,,,,,,
2368c1,30,,,,,,,,,,,,
28DDU17506000359,30,,,,,,,,,,,,
b0b600bc,30,,,,,,,,,,,,
fd88ac88,30,,,,,,,,,,,,
15de38513269c0450967f82b3562fa0b039b2671,30,,,,,,,,,,,,
ee6b4b0df359f0d249722afe7c79e2f3219203ba,30,,,,,,,,,,,,
CJL7N16731000625,30,,,,,,,,,,,,
d53c598d4732138ffbdcab2564e33fe26ef8b381,30,,,,,,,,,,,,
A10ABNMK2CNC,30,,,,,,,,,,,,
c71c85acd0a6d55f0c618a54b3fa2e3d8ba80f91,30,,,,,,,,,,,,
f0605d08bb33bff94be7f10ca1877cb9ded3c3fb,30,,,,,,,,,,,,
KWG5T17117064999,30,,,,,,,,,,,,
29d26d6a,30,,,,,,,,,,,,
25830c7373914032c13f7bbc92e0c961cb552b6d,30,,,,,,,,,,,,
e90ee302a818e9838af14093bd9bc1f63dcd61cd,30,,,,,,,,,,,,
ccee81e6e9cf4b8c22d7c44d4f3c09416adc20b0,30,,,,,,,,,,,,
3f8bc49a,30,,,,,,,,,,,,
8607ec77cc835af139b17c8e70ade16862c0853c,30,,,,,,,,,,,,
7c6c489c3cdbb602bf7b395c8122eedb7c58ea6c,30,0.0,0.0,0.0,0.0,0.0,0.0,1.0,0.0,0.0,0.0,0.0,0.0
eb347395,30,0.0,1.0,0.0,0.0,0.0,0.0,0.0,0.0,0.0,0.0,0.0,0.0
ea1b279ff6c09589118ec6e987828c8868df2624,30,0.0,0.0,0.0,0.0,0.0,0.0,0.0,0.0,0.0,0.0,1.0,0.0
2aa3328d,30,,,,,,,,,,,,
82cf965af4ece555864eeadbbd40d1d2fcd6fb43,30,0.0,0.0,0.0,0.0,0.0,0.0,1.0,0.0,0.0,0.0,0.0,0.0
fe8414b6da6c2cafa0bbcea842e1cf49446c0764,30,,,,,,,,,,,,
5LM7N16412003627,30,,,,,,,,,,,,
98399c818f05d4e58a62f0e956a7f6d7492a2d91,30,,,,,,,,,,,,
2475c809,30,0.0,0.0,1.0,0.0,0.0,0.0,0.0,0.0,0.0,0.0,0.0,0.0
d55f2c16d7c4a8e0f8c0a9806c4dfa728e99e1b5,30,,,,,,,,,,,,
e8c4d8c0,30,,,,,,,,,,,,
715926a108134fb23123a18923139346a88df16f,30,,,,,,,,,,,,
28e4f701,30,,,,,,,,,,,,
32a30ff1e462988e3be1147e232bf6f588f7a394,30,,,,,,,,,,,,
916098a3c063b7e0deb62d126062032acf70b400,30,,,,,,,,,,,,
bd159b6e,30,0.0,0.0,0.0,0.0,0.0,0.0,1.0,0.0,0.0,0.0,0.0,0.0
e196a01,30,,,,,,,,,,,,
9889194339324d5856,30,,,,,,,,,,,,
ce2bfe9d,30,,,,,,,,,,,,
494cdbc1862a842fd4d28b9776a0964110a71534,30,,,,,,,,,,,,
7e55a1e6ed0c0eb0b2481cc6dba541a84df15c23,30,,,,,,,,,,,,
90439710,30,0.0,0.0,1.0,0.0,0.0,0.0,0.0,0.0,0.0,0.0,0.0,0.0
cb7e591991e2edd3cf54ac0a1048db9d63587642,30,,,,,,,,,,,,
9d2c132b184b548ec0e15e94e187facfdea1b7ba,30,,,,,,,,,,,,
71c9592d,30,,,,,,,,,,,,
6859c62d69964d0b759f218d020a74692ad8335f,30,,,,,,,,,,,,
WJX7N17428001097,30,,,,,,,,,,,,
7f0ebe90739ddc23e97d4ac219798cca028fcce2,30,,,,,,,,,,,,
3HX7N16A28003986,30,,,,,,,,,,,,
ec2c8ff561160780ffc3713e52cdcca46dae9e29,30,,,,,,,,,,,,
622123171671815068,30,,,,,,,,,,,,
5cb21e8c3ae0e87a3bc200588ff87d04e4f8807f,30,0.0,0.0,0.0,0.0,0.0,0.0,0.0,0.0,1.0,0.0,0.0,0.0
d199c835,30,0.0,0.0,0.0,0.0,0.0,0.0,0.0,0.0,0.0,0.0,0.0,1.0
B7EDU17727004554,30,,,,,,,,,,,,
4a070a3b,30,,,,,,,,,,,,
1a1568793f18744570470e7191bd7e248558d125,30,,,,,,,,,,,,
e0311c0c,30,,,,,,,,,,,,
32dc99f6e78d8cf03204ef8e037d360c874d003b,30,,,,,,,,,,,,
f054c16856e6f7c83ec29b24c14c3cf924009ae8,30,,,,,,,,,,,,
34b5c8d7,30,0.0,0.0,0.0,0.0,0.0,0.0,1.0,0.0,0.0,0.0,0.0,0.0
de3897613a584fa86aaf9e4b5d4f957e04db020f,30,,,,,,,,,,,,
3628b9c16b173665117101ecc32a1468b83203ab,30,,,,,,,,,,,,
d43f53db901bda0f8ff031a479411f5d1ca738d5,1,,,,,,,,,,,,
UYT0217C07001698,1,,,,,,,,,,,,
d4cfde9f,1,0.0,0.0,0.0,0.0,0.0,0.0,0.0,0.0,1.0,0.0,0.0,0.0
8f4ad9e3f914fc59e0898de82711b227d270ff0c,1,,,,,,,,,,,,
7f8dc3ae48953929cafb1797f88f48b19faf1ef9,1,,,,,,,,,,,,
S47SDYRWZSMV4HEM,1,0.0,0.0,0.0,0.0,0.0,0.0,1.0,0.0,0.0,0.0,0.0,0.0
4dfab5db464f5d75399d15091cccd1a2def4f46e,1,,,,,,,,,,,,
CB512EGJ1E,1,,,,,,,,,,,,
8e1e80432130525fdfebb18d4ad876f48dbbe3a4,1,,,,,,,,,,,,
630c6c4954d397cbaaee144ed95cf9a5eebf7cf2,1,,,,,,,,,,,,
3HX7N16A28003986,1,,,,,,,,,,,,
e43dc0a136c3ba9469770c25b9d5c4737547106a,1,,,,,,,,,,,,
8FS7N16819010824,1,,,,,,,,,,,,
883b36c3aedaca189fe00b23a2d3c0dd935b51ad,1,,,,,,,,,,,,
ef964094,1,,,,,,,,,,,,
58e9123240bb657f89608555caae7f6e4215b1d7,1,,,,,,,,,,,,
CLB7N18502009866,1,,,,,,,,,,,,
bd928d972c6e2b417c86d71d22fec3379e9cdf3b,1,0.0,0.0,0.0,0.0,0.0,0.0,1.0,0.0,0.0,0.0,0.0,0.0
167df9803183d87fd86d2f5eaeb6b17963d3c521,1,,,,,,,,,,,,
bb6d4d637e1f84bc74be677cd6b0b8d137abc85f,1,,,,,,,,,,,,
83e12493756872f45c69fb397d334b3b9dcf4396,1,0.0,0.0,0.0,0.0,0.0,0.0,1.0,0.0,0.0,0.0,0.0,0.0
TEV0217124003611,1,,,,,,,,,,,,
567d099956e81bcf9a12afafdb3b0eb9a3b77c27,1,,,,,,,,,,,,
N8K7N17211000210,1,,,,,,,,,,,,
WJX5T17707001562,1,0.0,0.0,0.0,0.0,0.0,0.0,0.0,0.0,1.0,0.0,0.0,0.0
FFK0217B11002026,1,,,,,,,,,,,,
3af39222cb9bf0a0201e68bcc5fac9f8e2492002,1,,,,,,,,,,,,
03631113b89d0c66e0e6cad7e09cce70c6220e09,1,,,,,,,,,,,,
dfd49ded2de895dff22427c8f5e906d6b0caa393,1,,,,,,,,,,,,
4bbadcaf57fb4db3e5f223f8764a9c72b729fe8d,1,,,,,,,,,,,,
19697a5dcd1771f92517281bb455b24c37caa9a6,1,,,,,,,,,,,,
23f03a360c7c8327928275faa0a6f1b6c381972a,1,0.0,0.0,0.0,0.0,0.0,0.0,1.0,0.0,0.0,0.0,0.0,0.0
9f6a4638cea0d2e8bd49e229e47c64d2fb0861c9,1,0.0,0.0,0.5,0.0,0.0,0.0,0.0,0.0,0.5,0.0,0.0,0.0
8c4c4f9de015019188069bd21c1e26f5db139d77,1,,,,,,,,,,,,
2aa3328d,1,,,,,,,,,,,,
202bb23af0d3953dd45313211b1a73fb7c159c0b,1,,,,,,,,,,,,
YCYNW18319001361,1,0.0,0.0,0.0,0.0,0.0,0.0,0.0,0.0,1.0,0.0,0.0,0.0
ae422aed1af46597cdd0b41c5e1b60368ab83182,1,,,,,,,,,,,,
99e3d82f9905,1,,,,,,,,,,,,
64b87fb2,1,,,,,,,,,,,,
97416f633d2fe31f946008a5d48de1a4c1192c4e,1,,,,,,,,,,,,
4902bf6fa6b343afdad855c1819ead6db5056389,1,,,,,,,,,,,,
c09d30ead55a26aaf5f02e355747f02ed0ba1e68,1,,,,,,,,,,,,
dfc3e650ff2788514c98793baf29f1d2dc0c31c7,1,,,,,,,,,,,,
57f15d02f8ae07f649a45945cf2886e7d81a85bf,1,,,,,,,,,,,,
3cd20de4beeec9298f02650599e75cb47a9793d0,1,0.0,0.0,0.0,0.0,0.0,0.0,0.0,0.0,1.0,0.0,0.0,0.0
98899a3352394b4648,1,,,,,,,,,,,,
CJL0216913003974,1,,,,,,,,,,,,
df15b41b,1,,,,,,,,,,,,
58fd925f,1,,,,,,,,,,,,
34e955ff9805,1,,,,,,,,,,,,
0815f81374c32102,1,,,,,,,,,,,,
0815f812e3d92602,1,0.0,0.0,0.0,0.0,0.0,0.0,1.0,0.0,0.0,0.0,0.0,0.0
UEU4C17207009891,1,,,,,,,,,,,,
e45b9601e6e450dffeac5ca030037a1a9e06ae68,1,,,,,,,,,,,,
8c1faab2,1,,,,,,,,,,,,
5EF0217B14002093,1,,,,,,,,,,,,
11dcc84d,1,,,,,,,,,,,,
763bfa2d99a66c4ffd0e9baf8457d4f700b797c3,1,0.0,0.0,0.0,0.0,0.0,1.0,0.0,0.0,0.0,0.0,0.0,0.0
fa592d0be45450cc7afec21cf14ac80c24711f20,1,,,,,,,,,,,,
dea225b7,1,,,,,,,,,,,,
SJE5T17930024683,1,,,,,,,,,,,,
db71184029342e75b442f403a906e031536337a2,1,,,,,,,,,,,,
6950762466e8be5e36d8f9588394bfd83333ff18,1,,,,,,,,,,,,
6f1493046bd2ef1e53da2ead934d08441ba49e99,1,,,,,,,,,,,,
e0c9e48cfcf23933390776f6d6d45b31058613df,1,,,,,,,,,,,,
36ce0549,1,0.0,0.0,0.0,0.0,0.0,0.0,1.0,0.0,0.0,0.0,0.0,0.0
86e764b2,1,0.0,0.0,0.0,0.0,0.0,0.0,1.0,0.0,0.0,0.0,0.0,0.0
18e8dcee,1,,,,,,,,,,,,
5fc373f8f3bf6f60016b3e9f628e9d0f51db9663,1,,,,,,,,,,,,
bfb808fb15960090827fe5fea37b191803ba5ab0,1,,,,,,,,,,,,
4a716f736f6b75c9dbb2b1fdf52b0b40b5eb0874,1,,,,,,,,,,,,
08c3bbd80675e1b9ce5d517c6ed80e247e444ad1,1,,,,,,,,,,,,
c562cad870a5f751823dac29b232eac373d7c183,1,,,,,,,,,,,,
f571982c1965b5b1aef6dfe83b27a18b6073b436,1,,,,,,,,,,,,
NWP0217B01000581,1,,,,,,,,,,,,
a568a806,1,,,,,,,,,,,,
f77e9449cf7513798f77b17b8beeed8eb84b720b,1,,,,,,,,,,,,
379aa250,1,,,,,,,,,,,,
179d6e237ba519c1efce0b48a9d7cf91f3ba9560,1,,,,,,,,,,,,
76f0f3c84d050da64a481e0f3761159bb1710265,1,0.0,0.0,0.0,0.0,0.0,0.0,0.0,0.0,1.0,0.0,0.0,0.0
0ff576b7d4876d5d4bc70c4591ba66c9239e59f2,1,,,,,,,,,,,,
9aef2bb7528ab67338f18fc8832d82a94fde97a9,1,,,,,,,,,,,,
9889d5393030585042,1,,,,,,,,,,,,
352ea7c76cdc726f7db096224f15c6587d123abb,1,,,,,,,,,,,,
f2c376e2,1,,,,,,,,,,,,
9e156e21aa578e951555251150a8c03ae372954b,1,,,,,,,,,,,,
A7J5T15424009640,1,,,,,,,,,,,,
a3edfc59a4a6f407403e2d931fad8e4c8a690527,1,,,,,,,,,,,,
a9336fdb,1,,,,,,,,,,,,
3fca29e0c52e97a1b4017c2533ea79fd5a8f916c,1,,,,,,,,,,,,
e8b3d444d312bf02cb0bebff93a68fe5aadf1ed1,1,0.0,0.0,0.0,0.0,0.0,0.0,0.0,0.0,0.0,0.0,1.0,0.0
860BDML22TN9,1,,,,,,,,,,,,
a511caf7,1,,,,,,,,,,,,
29e6ed850904,1,0.0,0.0,0.0,0.0,0.0,0.0,0.0,0.0,0.0,0.0,0.0,1.0
CLB7N18329013407,1,0.0,0.0,0.0,0.0,0.0,0.0,0.0,0.0,0.0,1.0,0.0,0.0
6ab56798993f6f40538812821664696a9dfb7ae8,1,,,,,,,,,,,,
484844e8a0c82dd34a0d1cdc52b8460773dfa37e,1,,,,,,,,,,,,
c668f2da9f63801b6517d257bd192dac6ed67480,1,,,,,,,,,,,,
dec5d72c35a381fa8660d36adee6827ac3792b21,1,,,,,,,,,,,,
1d9c672,1,,,,,,,,,,,,
5a4a517e541b6f5bdfdaecc139a7ab0a2ada8a9b,1,,,,,,,,,,,,
81521aefd8892f0c2e6cf35327ef2a53c80d051b,1,,,,,,,,,,,,
69DDU16601020193,1,,,,,,,,,,,,
9cb15728927dfaf69e5784eb40269b822645893f,1,,,,,,,,,,,,
KWG7N16330005295,1,,,,,,,,,,,,
PBV7N16929000310,1,,,,,,,,,,,,
2fc09c24eca40fb15387658057dec522a787f2dd,1,,,,,,,,,,,,
cf8f4ebff30dc3c0fff99b7012f4b847d89019b0,1,0.0,0.0,1.0,0.0,0.0,0.0,0.0,0.0,0.0,0.0,0.0,0.0
1a3cfeb8dfbecfbf38146ece52517abfc61ed614,1,,,,,,,,,,,,
0e8a0c41a1d2e845f4a3c9724733fdf3f4f671b2,1,,,,,,,,,,,,
2EJ4C17B07003058,1,,,,,,,,,,,,
0230a56bcc34bc48518f5498f460610a0ff40d41,1,,,,,,,,,,,,
8a16ed5f47d8261b20829c4f097724d3b02e0f70,1,,,,,,,,,,,,
b406d56e2148742cb2efc7691c5e95a98f82e59e,1,,,,,,,,,,,,
2457679918da7778135039e9bd2a34a62c27e26f,1,,,,,,,,,,,,
2effb1a65117f91780d8cbabe033ae7b8f702b67,1,,,,,,,,,,,,
9b06562c2a5bef1b3a5e75086b88caf191352253,1,,,,,,,,,,,,
143e326609fbde00e0d3accc89dee9ed3c2c68c5,1,,,,,,,,,,,,
99828a4,1,,,,,,,,,,,,
25830c7373914032c13f7bbc92e0c961cb552b6d,1,,,,,,,,,,,,
e8ac9e4981ddf7390c0f917b7c7640be100252e7,1,,,,,,,,,,,,
e24e5e7627a3cfde117eae5622208339b8fe1f4d,1,,,,,,,,,,,,
12a08d606897b047d52b93b9e4abf31f0cf40520,1,,,,,,,,,,,,
32a30ff1e462988e3be1147e232bf6f588f7a394,1,,,,,,,,,,,,
FA77J1803881,1,,,,,,,,,,,,
FA75P1801972,1,,,,,,,,,,,,
3fa3694ac29acee7aba907572845d05e7fd5fec2,1,,,,,,,,,,,,
45eb6fd4,1,,,,,,,,,,,,
683dd6e20204744e18f1fe6bab53201a5f76746f,1,,,,,,,,,,,,
64bc752dc89aa11f1fda132dce054710c3344909,1,,,,,,,,,,,,
1284b4589b83f0aa3808181f35f17f2fdfe43831,1,,,,,,,,,,,,
e344f9d6a2254d3a6c7ac2b33c3f27dfe0514e05,1,,,,,,,,,,,,
76cac76b03f98d82f622b6015310cedbe8aeecdf,1,,,,,,,,,,,,
680cc86b078990b741605240a0745c610cf537cb,1,,,,,,,,,,,,
7ea876bcd6c02dadf93a01295330494ed5eb3dfd,1,,,,,,,,,,,,
332cc423,1,,,,,,,,,,,,
KWG5T16B18056788,1,,,,,,,,,,,,
5534cfc47f918728f27c88d1bcec18d6c47796a1,1,,,,,,,,,,,,
WJX7N17322008401,1,,,,,,,,,,,,
HMKNW17930001495,1,,,,,,,,,,,,
b6f408d52edf39b71ec2849f9318ca455db89091,1,,,,,,,,,,,,
cf2fe0200603,1,,,,,,,,,,,,
8f03041af51dcae2e3324f398ee5f969a3a18096,1,,,,,,,,,,,,
655ad2d9c8f32794573d06f0e2daba8dafbb2515,1,,,,,,,,,,,,
53edda95,1,,,,,,,,,,,,
6f16c5a42cba67f4853e292ee99093ea42b15e9b,1,,,,,,,,,,,,
d3101b78530cdf8679a6cdcc7b469888ea4645c3,1,,,,,,,,,,,,
7344fa00,1,,,,,,,,,,,,
37915909441f8384c7410b92600c04fc405e01a6,1,,,,,,,,,,,,
2929e392e0aaf265186a20d4f442f21d78648364,1,,,,,,,,,,,,
98891a35324c373845,1,0.0,0.0,0.0,0.0,0.0,0.0,1.0,0.0,0.0,0.0,0.0,0.0
7ee5f8d1719e4cac487f0db050e252705961a9b8,1,,,,,,,,,,,,
153ee75a,1,,,,,,,,,,,,
a488399e83d4047d57ad1ac4c0bd2b4463372d7f,1,,,,,,,,,,,,
f043c5ba,1,,,,,,,,,,,,
8d6118eb7ed289d425b0e017227d2aa20574cf51,1,,,,,,,,,,,,
299229e6ebe6d9933b1b5ac1a6af397153113b71,1,,,,,,,,,,,,
58b11a7e,1,,,,,,,,,,,,
3d5e5cfa,1,,,,,,,,,,,,
abf626280f4ee1b0f4df4e7ece7d9c07f01d0e93,1,0.0,0.0,0.0,0.0,0.0,0.0,0.0,0.0,0.0,0.0,0.0,1.0
3c2a7d3c6724987f91e4f591dae04616beae9b04,1,,,,,,,,,,,,
c4f06426cddb6b2613a5a24c5ae78d1dfb7fd445,1,0.0,0.0,0.0,0.0,0.0,0.0,0.0,0.0,1.0,0.0,0.0,0.0
917b09601d12d8c3f2e71a2a0f977a6b4b7b4dac,1,,,,,,,,,,,,
WGY0217328003966,1,,,,,,,,,,,,
9734a630dbe1ff0429c0888723b38353d982c597,1,,,,,,,,,,,,
8cd4124b52ae188b9f66e1347d6f4851866104b1,1,,,,,,,,,,,,
SJE5T17513011042,1,,,,,,,,,,,,
GWY0216A21003334,1,,,,,,,,,,,,
fd88a34b7d407f8cadd5a8ae4c6ae1169b188334,1,,,,,,,,,,,,
14441530817a286a38760018ce1020d4bff574cb,1,,,,,,,,,,,,
d45352cf3b5ac3a75baae41f32e280b0aea880dc,1,,,,,,,,,,,,
b8993182e6f5c205f95ec7de56427e89b54ed9bc,1,0.0,0.0,0.0,0.0,0.0,0.0,1.0,0.0,0.0,0.0,0.0,0.0
76761b69fc1da40bebfb2e33f0c5c124e34f4a33,1,,,,,,,,,,,,
590d50fb329f25109584135cfb0221f86524fb5a,1,,,,,,,,,,,,
b1933e167f862c23ab783799aed27ff7dce5d416,1,,,,,,,,,,,,
009acdae5274,1,,,,,,,,,,,,
1699c975d1f1b87631bad05154b3e95cefa5f00f,1,,,,,,,,,,,,
a63fe54c,1,,,,,,,,,,,,
cdeda9cf28a74134ebce4eff33d61b833ba32d34,1,,,,,,,,,,,,
00809fc9ad80e3beae7c45257ecc25c4a98cbc05,1,,,,,,,,,,,,
e652a72,1,,,,,,,,,,,,
5EF0218521000727,1,,,,,,,,,,,,
8d8b125d59ed9000413b898daf13903dba85bfb8,1,,,,,,,,,,,,
77d6ff211aebe3705c18698d5c4181df9ef49a12,1,,,,,,,,,,,,
c0279bc0a7c8039366aa42f698ed23125d02fd26,1,,,,,,,,,,,,
8FS5T16614011800,1,,,,,,,,,,,,
00534e476ec61e1d7994ac6de0b75eb9fb91dbf4,1,,,,,,,,,,,,
ce05ca801e729c6d2fbb5142b6e1e867def0929f,1,,,,,,,,,,,,
9YE0218530010081,1,,,,,,,,,,,,
711bc47f,1,,,,,,,,,,,,
abb2dcb,1,,,,,,,,,,,,
a493ee35c01a88477b925b6f7a371cd3e529481e,1,,,,,,,,,,,,
c0011e67d696c0ef7a6d25819c19097f9dc93130,1,,,,,,,,,,,,
52f8363262127b79204fe44c9db0b5e9cbbe26e9,1,,,,,,,,,,,,
2f8d64b725406e71e0fb51f7c619d113179898de,1,,,,,,,,,,,,
3ae304b4ea2ddb7e36653d40d712ff7663f5e518,1,0.0,0.0,1.0,0.0,0.0,0.0,0.0,0.0,0.0,0.0,0.0,0.0
25f91bc6,1,,,,,,,,,,,,
IVS48SRGLFUKSSPN,1,0.0,0.0,0.0,0.0,0.0,0.0,0.0,0.0,1.0,0.0,0.0,0.0
0199c0734ccbbb359b1a6578d34ceba7ff7caaf9,1,,,,,,,,,,,,
e36d1f512fe372180088accbf13ba081dfe869a9,1,,,,,,,,,,,,
d0c9c0e62ad7b0cd40715b70e6d4fa2bb5e71fb8,1,,,,,,,,,,,,
315adcbd,1,,,,,,,,,,,,
8587922a,1,,,,,,,,,,,,
bd43eb75cb8c750298c12435717b9c878f0a0f36,1,,,,,,,,,,,,
7c4150f59f4d1fc9e7184097ce221493eb6c6950,1,,,,,,,,,,,,
dd93bcbf209beb8111a7dd0a286ec01fe0de2f49,1,,,,,,,,,,,,
98891a433836314630,1,,,,,,,,,,,,
28DDU17506000359,1,,,,,,,,,,,,
870df4c44da1497c6785270f2185f524986bb5cb,1,,,,,,,,,,,,
742698fe503359cc6df13d8602f204266efad543,1,,,,,,,,,,,,
481b4f7c8734f182dc348a3f5905f5e2e15dee86,1,,,,,,,,,,,,
ce1fdc4a51def2a94b10d2fb274e95478f4d122c,1,,,,,,,,,,,,
a4db28a9efe3decaa3fef21efe3b0ef81f6b4eb6,1,,,,,,,,,,,,
c940849cd5de883877d39390fe8579403d2f87ab,1,,,,,,,,,,,,
53cd0e5421cb155f71ed10828051e91c764ebf14,1,,,,,,,,,,,,
0b6efc4514fe51c80bac690f66db8d5e44d3a908,1,,,,,,,,,,,,
7fefa485,1,,,,,,,,,,,,
ce0517157b90d92001,1,,,,,,,,,,,,
9f042fab7a412eabcc6f8e71b0884ea8d624aa3f,1,,,,,,,,,,,,
c26f339c8a51177797205daf52da302cb0eb433e,1,,,,,,,,,,,,
954c9fd4931e6e57a12c69278192d8ebe3a2b8fa,1,0.0,0.0,0.0,0.0,0.0,0.0,0.0,0.0,1.0,0.0,0.0,0.0
95ee05afbe6c58efbed227beed8e3f29238279a9,1,,,,,,,,,,,,
7e85fb0b,1,,,,,,,,,,,,
e3c034ba0b5e60a9e15468eb9c454f7643f0bc41,1,,,,,,,,,,,,
31deae64,1,,,,,,,,,,,,
1d20b3715e2437c90d208ccf433f39e19e71b6f0,1,,,,,,,,,,,,
deb66e4ee4713b03706fa60916cc4488f4871f01,1,,,,,,,,,,,,
543d13b4,1,,,,,,,,,,,,
57X0217902000428,1,,,,,,,,,,,,
8e68ffe9246ca6f91702951bcb9cf6fefce99dd0,1,,,,,,,,,,,,
279c214,1,,,,,,,,,,,,
GSLDU16823000054,1,,,,,,,,,,,,
efff30367d32a436fca06a6be1aa3fcccbf108dc,1,,,,,,,,,,,,
881b1f9c8675974f0d3eb72e9ecbee9e86c1996e,1,,,,,,,,,,,,
8f9ec4a0,1,0.0,0.0,0.0,0.0,0.0,0.0,0.0,0.0,1.0,0.0,0.0,0.0
97bafe42a9f4daebad2fa5b9be37ffdfa7a0cc66,1,,,,,,,,,,,,
3605d43f,1,,,,,,,,,,,,
QLXGL17531600152,1,,,,,,,,,,,,
155caca89bd02bb6449f12de43a1d68a5c5ed6e7,1,0.0,0.0,0.0,0.0,0.0,0.0,0.0,0.0,1.0,0.0,0.0,0.0
27c6e9a4160f57b7758bebcd4daf30739442f473,1,,,,,,,,,,,,
1ca5dfe6fc0df40147aabfb9fd5a5c431fe62d6a,1,,,,,,,,,,,,
Y2J7N17309000914,1,,,,,,,,,,,,
9889d5375a54473638,1,,,,,,,,,,,,
2d128e9aac078d473f5830adc30cf55424b6395a,1,,,,,,,,,,,,
5092d95399dc5e1e48bb1d8b4c9e93449eb38845,1,,,,,,,,,,,,
078e1eff952af4fcb3622d95650f52a9a0684d11,1,0.0,0.0,0.0,0.0,0.0,0.0,0.0,0.0,1.0,0.0,0.0,0.0
2c64aa8120a6edf6815ba5e394acb384e880bad6,1,,,,,,,,,,,,
b0b47c72e099d637caad2b2fbabe97882e608490,1,,,,,,,,,,,,
PBV7N16321017693,1,,,,,,,,,,,,
c86d7907250e6f33c7213fe3a4c429afebf9a492,1,,,,,,,,,,,,
43e3a05f387302c6e44b66ce421f36515ebc752d,1,,,,,,,,,,,,
4bedf270302284520ccbd528466303dc0719d98d,1,,,,,,,,,,,,
P7CDU17C23018038,1,,,,,,,,,,,,
706572b2f268dfe89c7e16ec118a50e179cf9ed0,1,,,,,,,,,,,,
0927d2760704,1,,,,,,,,,,,,
8cc51caf73c73e70818d3129e1893769be0e7d1f,1,,,,,,,,,,,,
bdbd341b2df8a8f9cd5b1f4925fa797e0217c34f,1,,,,,,,,,,,,
010cb6b23441212ad60668a5abff9c1345b862ca,1,,,,,,,,,,,,
WTK7N16A22012298,1,,,,,,,,,,,,
fb5647238c303fa70da1a588e92b35827b2d843b,1,,,,,,,,,,,,
f76476a7acd5ac4b16ab5002c1cf71dba49ef20b,1,,,,,,,,,,,,
59ffd38496e0285e7b50d1b50123b314e29ff857,1,,,,,,,,,,,,
4b332244,1,,,,,,,,,,,,
8caf91aad0469aa79076110cb88dcf83c6684553,1,,,,,,,,,,,,
FFKDU17322004291,1,,,,,,,,,,,,
c92f215dd293b93b339179d22f67a8edc9c2d576,1,,,,,,,,,,,,
cb98b2d6e83218f91a51d93fffe0f0e2974c9ebf,1,,,,,,,,,,,,
7dba363d298bb0837ae3e6c6cfac8ecc73b2844b,1,,,,,,,,,,,,
9e0aaa33,1,,,,,,,,,,,,
M92QACPSYRG54,1,,,,,,,,,,,,
96897c36b218ef035819e932cbf903825de73ff1,1,,,,,,,,,,,,
9cec9c39d6b8d46341700d6eb5bc8df3549e4d33,1,,,,,,,,,,,,
78b5131e3f0fc06d9df1fa2123be6ff00646984f,1,,,,,,,,,,,,
721QADRG33N6E,1,0.0,0.0,1.0,0.0,0.0,0.0,0.0,0.0,0.0,0.0,0.0,0.0
ff94c81e,1,,,,,,,,,,,,
bb833e2ff55c461ae438a4e5fe9829067073357e,1,,,,,,,,,,,,
cb212b820a7b0887e1f4b4245282f057a30358dc,1,,,,,,,,,,,,
416c2bbc,1,,,,,,,,,,,,
69075a3fbca19123f8ae1503dd4d3fec2fef55c0,1,,,,,,,,,,,,
9ea3c001627e52f1e98a565edf4d61ece2ae6c45,1,,,,,,,,,,,,
9ddca2d16fa4ff11da857e34dddbe67e8b8f53c0,1,,,,,,,,,,,,
d5d0150a,1,,,,,,,,,,,,
26a251babd7e9c55ed8cd5d8426c085744f564c3,1,,,,,,,,,,,,
aa80c2d3,1,,,,,,,,,,,,
767ba165,1,,,,,,,,,,,,
c36534f88a37bbc47912fd3a03e78263f0e2402b,1,,,,,,,,,,,,
fe53df78f5a0f4b842d33123cbcd884b188800b7,1,,,,,,,,,,,,
8BNDU17923003231,1,,,,,,,,,,,,
6b1f0526b7f12f1c68d5a8cc40a3cef8fde0d1cc,1,,,,,,,,,,,,
ed06a8270304,1,,,,,,,,,,,,
ba26a2240da13fd096d2eb56af10943519552479,1,,,,,,,,,,,,
bd271ad24c323f96701e8304ee85401e741c0009,1,,,,,,,,,,,,
d4c3945d,1,,,,,,,,,,,,
TPC7N18512000560,1,,,,,,,,,,,,
a06fc46dabb9c658dcca15c888e8ca23980f08f4,1,,,,,,,,,,,,
7326b0a6934fdeeda6d770358ab39b0e0320f38a,1,,,,,,,,,,,,
5EF0217C14007074,1,,,,,,,,,,,,
ddb904116041d867ef9a4e450784546272d8f6ce,1,0.0,0.0,0.0,0.0,0.0,0.0,0.0,0.0,0.0,1.0,0.0,0.0
31c44cd0,1,,,,,,,,,,,,
2333f28897e4e0086166363c30b9629deaa3e24a,1,,,,,,,,,,,,
ce3cdc1e,1,,,,,,,,,,,,
d3285f228e8337055de7684ad3f055f8544b3ab6,1,0.0,0.0,0.0,0.0,0.0,0.0,1.0,0.0,0.0,0.0,0.0,0.0
ZX1G225566,1,,,,,,,,,,,,
a7e09c4ebd2f080c38457c5534d41f4b5e064e52,1,,,,,,,,,,,,
167e48afd116a418e7f48a06e1a6e757eae8e53f,1,,,,,,,,,,,,
0ce2dce757e355a20899360b707003e07b917bbf,1,,,,,,,,,,,,
d5103bc90d6f25f694cbe3ea9bd00c43699297de,1,,,,,,,,,,,,
8cd33f96168c5cc4b2fdf1f97cd06f6b36016dde,1,,,,,,,,,,,,
eb347395,1,0.0,1.0,0.0,0.0,0.0,0.0,0.0,0.0,0.0,0.0,0.0,0.0
55a75ba2a062ce0fb990235f2043c94bbb6a2ca1,1,,,,,,,,,,,,
4664bd8193dc776a158978f17353f832c26e391b,1,,,,,,,,,,,,
5fd46cc0139c6619101b966993600b11e6033f8d,1,,,,,,,,,,,,
cd739742,1,,,,,,,,,,,,
D3H0218119017038,1,,,,,,,,,,,,
721QEDRG2K629,1,0.0,0.0,0.0,0.0,0.0,0.0,0.0,0.0,0.0,0.0,1.0,0.0
e44f42b43c580147826afd8b6d858d840adfcec3,1,,,,,,,,,,,,
a1d0443b601d56fb900211acd1ab496321952bd1,1,,,,,,,,,,,,
48d09382c05ad9be2e336b2d0cdaf455463b0b57,1,,,,,,,,,,,,
356a30eb,1,,,,,,,,,,,,
95fd192e49806a47d7c12aaf1d231de69b45e0d9,1,,,,,,,,,,,,
51808c7c873da62eebf997abb474472929bc28e5,1,,,,,,,,,,,,
69f449f4830c89b9acd848a415f48900ccfa19ce,1,,,,,,,,,,,,
WFVBB18524526981,1,,,,,,,,,,,,
cacba7e27ac73b1a9a5920701c53b9a9c815d810,1,,,,,,,,,,,,
75f85d9e1c1d6a3d286ca2bc00a3c824aebec054,1,,,,,,,,,,,,
ea20f7a7,1,,,,,,,,,,,,
ce2bfe9d,1,,,,,,,,,,,,
626a9dea6d8aac968318afbbfbacd513d86e8fba,1,,,,,,,,,,,,
5508d053,1,,,,,,,,,,,,
f35b92babecf1b41b5d2f64368dbc41d3e4fe3b8,1,,,,,,,,,,,,
2d65b7920fd494ec48f6cabaccbfdd54c022c692,1,0.0,0.0,0.0,0.0,0.0,0.0,0.0,0.0,1.0,0.0,0.0,0.0
b051d9e4,1,,,,,,,,,,,,
4fa555a8a14ffdf37ed7636d6cc18f4430b14ec6,1,,,,,,,,,,,,
79247bb4eeaab0325ec908eddabc002c5dc712c8,1,,,,,,,,,,,,
699867a6dc8c6bb5e6d8dfcc52c88c228ae8663c,1,,,,,,,,,,,,
af1a3c34,1,,,,,,,,,,,,
a6580eadc2fe19712bcf1aa3c87e48852b210f13,1,,,,,,,,,,,,
4014d7426dda111f269e84104b32fb077f7b2ab0,1,,,,,,,,,,,,
2be320583cb15acc0ffcb19410af1d5b1a768149,1,,,,,,,,,,,,
9f9c0404fc6f89491d1ced67b66f3939c2d1e305,1,,,,,,,,,,,,
ea77b025,1,,,,,,,,,,,,
91afbb662903567bff09bb24d3fa2fbc7c06a0af,1,,,,,,,,,,,,
830a52d64e0ced29bcb4072533a2eed85d5da396,1,,,,,,,,,,,,
38aa12ad,1,,,,,,,,,,,,
0b94295d4c6f2b6e6fedd29075c8a12d3b1f5c16,1,,,,,,,,,,,,
5ada7d37,1,,,,,,,,,,,,
TEV0217A13002070,1,,,,,,,,,,,,
7bf74259a779b21bf521d55c88cf011678bee02f,1,0.0,0.0,0.0,0.0,0.0,0.0,0.0,0.0,0.0,0.0,1.0,0.0
a8c5c837242c819897e805f8a5e4fcf2ad64a6d6,1,,,,,,,,,,,,
621QEBQ93Y3RV,1,,,,,,,,,,,,
20bf08c,1,,,,,,,,,,,,
CJL5T15C18043628,1,,,,,,,,,,,,
e432cae8,1,0.0,0.0,0.0,0.0,0.0,1.0,0.0,0.0,0.0,0.0,0.0,0.0
4dfb464d,1,0.0,0.0,1.0,0.0,0.0,0.0,0.0,0.0,0.0,0.0,0.0,0.0
ee350003921ceb3b19190f1a6801f6591504e9c7,1,,,,,,,,,,,,
2176bc89,1,,,,,,,,,,,,
7876343654bbbaf5ebfc585df2b0985a3b91c4e7,1,,,,,,,,,,,,
b585dcf4,1,0.0,0.0,1.0,0.0,0.0,0.0,0.0,0.0,0.0,0.0,0.0,0.0
LGUS996547b3017,1,,,,,,,,,,,,
c02a03a08cf2a03330b58bc598fd4798dda3306f,1,,,,,,,,,,,,
c35eaa71,1,,,,,,,,,,,,
1521c3722e721f6fc5e9daee66c86a39ca5ee726,1,,,,,,,,,,,,
c0a7347a8699f91ca5773fba197a2ffe8b70cb5a,1,,,,,,,,,,,,
8DF6R16922001468,1,,,,,,,,,,,,
ef1f562ff10202b59cc233e1eb30fac14b004395,1,,,,,,,,,,,,
fb21ead4,1,,,,,,,,,,,,
9550f00d966449943e53f313cb6c9b0aff554b73,1,,,,,,,,,,,,
259bf7bce4d3aebc34fe645c8924b615535dd335,1,,,,,,,,,,,,
33c631fa,1,,,,,,,,,,,,
e58371aa002c859cf0c485c8fedbd507b9272776,1,,,,,,,,,,,,
1e354793,1,,,,,,,,,,,,
5LM7N16415018186,1,,,,,,,,,,,,
e7e7d4b17d93,1,,,,,,,,,,,,
74b2e797de7682bf59e4e46425867874b6382ae1,1,,,,,,,,,,,,
e26b12ace5abbdf962bd6512655dc0a44a4a6d66,1,,,,,,,,,,,,
C4Y7N16A26001134,1,,,,,,,,,,,,
155c6ae9acbdc6aff7bcc9b084daa97c33b99948,1,,,,,,,,,,,,
CJL5T16301006310,1,,,,,,,,,,,,
d1d5b8b3e5d51f55eac46e45509ef3326b5746ca,1,,,,,,,,,,,,
6c41883c4bcb0ea6a99827893f5bc9430ba71244,1,,,,,,,,,,,,
89077d081eda11f5b33bba1e510b8ada5ee429b6,1,,,,,,,,,,,,
SALDU17506007268,1,,,,,,,,,,,,
PBV5T16A18001771,1,,,,,,,,,,,,
efb2f297246cb5c999348a0e3afa520052dec6e9,1,,,,,,,,,,,,
cb7e591991e2edd3cf54ac0a1048db9d63587642,1,,,,,,,,,,,,
5ab3b13419493eb8a29de1056fec452cebf9f414,1,,,,,,,,,,,,
be14cc02310be7df072af81bf581780cb7434492,1,0.0,0.0,0.0,0.0,0.0,0.0,0.0,0.0,1.0,0.0,0.0,0.0
CLB7N18403056365,1,,,,,,,,,,,,
9822bfb82b507dbe696741cfeaf621ed502ae7c9,1,,,,,,,,,,,,
81962e2171b1a947f70c292e3429667d7684f4d1,1,,,,,,,,,,,,
97fae1bf7075d51992c8a1c9f21068bec9dff3d0,1,,,,,,,,,,,,
1c9565e6e4ef349a311fef92d38f25e37cadef5f,1,0.0,0.0,0.0,0.0,0.0,0.0,0.0,0.0,0.0,0.0,0.0,1.0
f1db3918a400e62f8989a0fcda8880e5b161564f,1,,,,,,,,,,,,
702602102cf49ed273dab906c05a95b4642840f8,1,,,,,,,,,,,,
8aff6186d0d8914589e70e562defd3928e55ec5c,1,,,,,,,,,,,,
fc5f6afc,1,0.0,0.0,0.0,0.0,0.0,0.0,0.0,0.0,1.0,0.0,0.0,0.0
dc7fa79d4701c7764c84ad49a9b31bcba6bf64a0,1,0.0,0.0,0.0,0.0,0.0,0.0,1.0,0.0,0.0,0.0,0.0,0.0
e88f893ee40931a77a6ca9f0008a88fc39270ad7,1,,,,,,,,,,,,
ee33078e892c37b8aa4f77c9ff2359739a040a21,1,,,,,,,,,,,,
d9a2160fa14589f5097d3b93f6175a1e78d040cd,1,,,,,,,,,,,,
2df699356623b2e3535ce146b27131a69f17d4da,1,,,,,,,,,,,,
4a06af0652114e9aa7b1dcee5a76f0dcb062d184,1,,,,,,,,,,,,
d9ad563421974050211a7e5281e06652d8eee6ac,1,,,,,,,,,,,,
84fe47e962952c1ddbe87f569a69e533bad401f4,1,,,,,,,,,,,,
c26f90ee,1,,,,,,,,,,,,
eb42978c04d86c63dfd29b9239e755af78288021,1,,,,,,,,,,,,
7d80994bc07e50a5c93d93377c172578d1b7cfbc,1,,,,,,,,,,,,
b2d0f8c4169ce02455e495a2c79e12bd2e1948f7,1,,,,,,,,,,,,
1106bd74471f2ae2348e6a33fa386108127661c7,1,,,,,,,,,,,,
a1c343af81088891a17a3795b3f063fb1c8ca8eb,1,,,,,,,,,,,,
1d00c9c16af9585da33c47d9c99799cef1882019,1,0.0,0.0,1.0,0.0,0.0,0.0,0.0,0.0,0.0,0.0,0.0,0.0
de3897613a584fa86aaf9e4b5d4f957e04db020f,1,,,,,,,,,,,,
273caa3a9904,1,,,,,,,,,,,,
aab3a94314290e1772debff204b61aa5a39d6e93,1,,,,,,,,,,,,
5a3dc477,1,,,,,,,,,,,,
af6f6a557d73,1,,,,,,,,,,,,
d073981f8e4694ea84512ccdffa8a19f1dd86948,1,,,,,,,,,,,,
bd159b6e,1,,,,,,,,,,,,
8ac5988cdb1d99463198e7f6fc5a9f0d917beb81,1,,,,,,,,,,,,
ad294e249bbe16e4ea395c28def82f9e28f22f0f,1,,,,,,,,,,,,
98895a41535a584e32,1,,,,,,,,,,,,
eda56f80ff52b67cc284609632af5cd7adf4f30a,1,,,,,,,,,,,,
X2P0215901001720,1,,,,,,,,,,,,
1a7a2e1937027ece,1,,,,,,,,,,,,
TWGDU17715001003,1,,,,,,,,,,,,
0ffcb519e4257f570efae0ebcd89dd7c1bdf76f9,1,,,,,,,,,,,,
a6235058,1,,,,,,,,,,,,
57fb9213077e5cf330632f19935d2b86204e7cd8,1,,,,,,,,,,,,
07d704bd1b55b539f6dd9a2813f004c4d63dbfeb,1,0.0,0.0,0.0,0.0,0.0,0.0,1.0,0.0,0.0,0.0,0.0,0.0
74ea3ca90d00017dc343b7b8f4ec0c39c09ed54e,1,,,,,,,,,,,,
1741be8905cc895bb8a06eff46c4ac2df56eec09,1,,,,,,,,,,,,
7a6582906176da34d45b4bd98b4ee8a0a9d2e0b1,1,,,,,,,,,,,,
a3bfd5b30f7606fa124d64a5969a672357aa51d1,1,,,,,,,,,,,,
ce0917197c78901d0c7e,1,0.0,0.0,0.0,0.0,0.0,0.0,0.5,0.0,0.5,0.0,0.0,0.0
684d12fde967cf331a196df8f7428f2bf3ca661e,1,,,,,,,,,,,,
2ec927b282dd25edde5953310577dd3f97a33a4f,1,,,,,,,,,,,,
1c40be64d8779bdf4a164cdada84a840a719f178,1,,,,,,,,,,,,
M960BDPT22CQQ,1,,,,,,,,,,,,
b864d50e,1,,,,,,,,,,,,
f154dbbee53c3cc1d438c4f800d20359ffb3058d,1,,,,,,,,,,,,
7ea615b3,1,,,,,,,,,,,,
TEV0217224004341,1,,,,,,,,,,,,
d6f7aa3585fcf7819b43dfb670193d5500199928,1,0.0,0.0,0.0,0.0,0.0,0.0,0.0,0.0,1.0,0.0,0.0,0.0
1b082cd8bc80b8e535aacefed159632155a7de84,1,0.0,0.0,0.0,0.0,0.0,0.0,0.0,0.0,1.0,0.0,0.0,0.0
a2f4e876,1,,,,,,,,,,,,
7f0ebe90739ddc23e97d4ac219798cca028fcce2,1,,,,,,,,,,,,
df641e9986478eed66133654c9133b98a928d59f,1,,,,,,,,,,,,
5JP0218322002083,1,,,,,,,,,,,,
e155a2c675d1aaef00eba2b1f0350a8879c61849,1,,,,,,,,,,,,
EJL4C17508053196,1,,,,,,,,,,,,
KV79MJYTNBGYNRW8,1,0.0,0.0,0.0,0.0,0.0,0.0,0.0,0.0,0.0,0.0,0.0,1.0
a09eeeed63343de3d9609ba64dc2a29762ba4cc9,1,,,,,,,,,,,,
91b5dcd1,1,,,,,,,,,,,,
3db3990130e0d14222b80de80d3a4d52b263e271,1,,,,,,,,,,,,
4f67a8da6441c73d79b60110412add0484ce5a31,1,,,,,,,,,,,,
38a9755856fba09b5fe71d4d95f3eaf31277b41a,1,,,,,,,,,,,,
980bb4a063f37a1c25959b9a6ba03d057c63a511,1,,,,,,,,,,,,
06eb91b375cc3561689091ff23354fd65540413a,1,,,,,,,,,,,,
22b48c07d68a19c43e4967a4b6afcd12e98047c6,1,,,,,,,,,,,,
3HX7N17506001132,1,,,,,,,,,,,,
c4fb2ddd,1,,,,,,,,,,,,
7f8d5474c39ad90dcee6769642c34118535a9f35,1,,,,,,,,,,,,
4febbaf4,1,,,,,,,,,,,,
9887bc314d38363930,1,,,,,,,,,,,,
TWGDU16513007637,1,,,,,,,,,,,,
EJL7N16B29003335,1,,,,,,,,,,,,
RSKBZTVSVKOZVGOV,1,,,,,,,,,,,,
9e51a3a3beaac11dfb5fb984c53110eb9b0dab1f,1,,,,,,,,,,,,
7f74e1889567fb255850930da924e85fbe17fcd3,1,0.0,0.0,0.0,0.0,0.0,0.0,0.0,0.0,1.0,0.0,0.0,0.0
b3e2d87d,1,,,,,,,,,,,,
D5F7N18526001229,1,,,,,,,,,,,,
ac4390675abf377783a8e8305d3ad3d3eb37d4e6,1,,,,,,,,,,,,
BEBINBSS99999999,1,,,,,,,,,,,,
65ecdc7e6fa0783489cea69e7f5d965bd8154f23,1,,,,,,,,,,,,
22631150c954b05d16b08b1a099d2a87a86f09be,1,,,,,,,,,,,,
06e89ea1c53c08e11ce680e6d60d78e89540f3e6,1,,,,,,,,,,,,
8f0e4aa190bb3bc6d8c764c28af01c83a86a81c0,1,,,,,,,,,,,,
c022b78eff1fbec6c8d63980a36426a364991cf6,1,,,,,,,,,,,,
c40ff9b8ab95dc203f66931147b311d5f10098aa,1,,,,,,,,,,,,
5eee7833,1,,,,,,,,,,,,
UYT0217B29002369,1,,,,,,,,,,,,
da696ef622ef05025af4181a6a46f4760e4a8107,1,,,,,,,,,,,,
3HX5T16B15006749,1,,,,,,,,,,,,
6bbc520aba5ce025983d01695c4b6d9e3d6ca3b3,1,,,,,,,,,,,,
52163928fe422f450b18e433aa30fe6c3d364c48,1,,,,,,,,,,,,
ae27dcfb,1,,,,,,,,,,,,
8FS5T16819003508,1,,,,,,,,,,,,
fe7edf09ae59aab5c6078c8737e7690b37c83e30,1,0.0,0.0,0.0,0.0,0.0,0.0,0.0,0.0,0.0,0.0,1.0,0.0
edfef02734f171c8ed02194e631fe15af0d802d9,1,0.0,0.0,0.0,0.0,0.0,0.0,0.0,0.0,1.0,0.0,0.0,0.0
0888d0fb7e33e33826a277a18778337e7f0d7fe7,1,,,,,,,,,,,,
cf65dcea,1,,,,,,,,,,,,
800626e77378c3ff90f8a81b62393c23de2a371a,1,,,,,,,,,,,,
4f4d56f89286ed489d9173b01fea9781a55c620f,1,,,,,,,,,,,,
27e5e69a0c84dda09e21bbd44f2fdf8f96206574,1,,,,,,,,,,,,
21a4bdc,2,,,,,,,,,,,,
LE67A06300359912,2,,,,,,,,,,,,
af94d485,2,,,,,,,,,,,,
988919394d3648535a,2,,,,,,,,,,,,
7b6585e,2,0.0,0.0,0.0,0.0,0.0,0.0,1.0,0.0,0.0,0.0,0.0,0.0
cda1f8fd82ad6e109d5e727ec592eac25e6620aa,2,,,,,,,,,,,,
32dc99f6e78d8cf03204ef8e037d360c874d003b,2,0.0,0.0,1.0,0.0,0.0,0.0,0.0,0.0,0.0,0.0,0.0,0.0
afcfbd97adf8ac6cd2c0aac70fb146553f5d7552,2,,,,,,,,,,,,
5JPDU17715010667,2,,,,,,,,,,,,
abf626280f4ee1b0f4df4e7ece7d9c07f01d0e93,2,0.0,0.0,0.0,0.0,0.0,0.0,0.0,0.0,0.0,0.0,0.0,1.0
caa1a8f6,2,,,,,,,,,,,,
0d7feb9069b3286ab624b702682fd53f0eede674,2,,,,,,,,,,,,
00411396fb3a8a5a3d975ab3e15439c3f515e400,2,,,,,,,,,,,,
1693a2f5615685275c96764e22686013960b383b,2,,,,,,,,,,,,
4f67a8da6441c73d79b60110412add0484ce5a31,2,,,,,,,,,,,,
57ca21be,2,,,,,,,,,,,,
aafaa1e9104a221b65d0d4cb15a669d2a9fd7db9,2,,,,,,,,,,,,
P7C0218207013696,2,,,,,,,,,,,,
2168d958c2b6fa2b192ef0698570c8800c68d3dd,2,,,,,,,,,,,,
7d36fc6de5ebd23aeefa1512e321b3bb9e6330a3,2,,,,,,,,,,,,
A7Q0218302003445,2,,,,,,,,,,,,
6cc293bd08609f8e6cc8fa77c97d92a040f0743c,2,,,,,,,,,,,,
cccd757cfc5f921a1c4c500acf14a888ce147585,2,,,,,,,,,,,,
81a18fe143d82fa6d9a390ae5e9919964c02155c,2,,,,,,,,,,,,
95fd192e49806a47d7c12aaf1d231de69b45e0d9,2,,,,,,,,,,,,
64362ff060be8f703ccd68b8ef1ce4468c7bef27,2,,,,,,,,,,,,
cad3e63124f487deccb221d2dac1cb1549c0639e,2,,,,,,,,,,,,
43bbdd1f1f43c0339557484caf2cb68784c52882,2,,,,,,,,,,,,
28d794286c1de1b99d7fa5c4847311fc40fef0df,2,,,,,,,,,,,,
0067c04c90f3aa0ac5ce8eb348a97b3e4dbeb4d8,2,,,,,,,,,,,,
7a2443a226638d92e3819f442b4f1a9fa5a3f822,2,,,,,,,,,,,,
2ea5c687502c78362b4b6f4f5c6703aa4b09e53d,2,,,,,,,,,,,,
741AECQP2D78Y,2,,,,,,,,,,,,
0b0ac1306f84864e1b3f74208775a7ef635b8562,2,,,,,,,,,,,,
WJX7N17A25000295,2,,,,,,,,,,,,
64550bbd754821f8f763f4b31ce2bb9c4ed6b5bd,2,,,,,,,,,,,,
28e4f701,2,,,,,,,,,,,,
ae422aed1af46597cdd0b41c5e1b60368ab83182,2,,,,,,,,,,,,
58c786bed8394e518425aadb3b8a01807bee4b4f,2,,,,,,,,,,,,
003a982ba379f089b59b1c293ea3a39262a1c384,2,,,,,,,,,,,,
80f7fd2d91444c39c5366222fd1d29e8f76e673a,2,,,,,,,,,,,,
7c7e92c8,2,0.0,0.0,0.0,0.0,0.0,1.0,0.0,0.0,0.0,0.0,0.0,0.0
58b11a7e,2,,,,,,,,,,,,
A7J5T15424009640,2,0.0,0.0,1.0,0.0,0.0,0.0,0.0,0.0,0.0,0.0,0.0,0.0
TWGDU16513007637,2,,,,,,,,,,,,
5JP0217C03001196,2,,,,,,,,,,,,
78504810,2,,,,,,,,,,,,
7326b0a6934fdeeda6d770358ab39b0e0320f38a,2,,,,,,,,,,,,
486aa77cd63527558ae199a476730aceab2f6bf5,2,,,,,,,,,,,,
c913d29,2,,,,,,,,,,,,
HT69M0201900,2,,,,,,,,,,,,
WGY0217125003443,2,,,,,,,,,,,,
431e59bea1c09811ff1dca5ceb6e3662fabc0607,2,,,,,,,,,,,,
0aa6053a2e755a1d4b840296f8f883a1c30f328b,2,,,,,,,,,,,,
d74d61762882becb675eefa9ff2db3b0affe88eb,2,,,,,,,,,,,,
ee7daa56,2,,,,,,,,,,,,
4fd48eff02ba086d78271de6f34fd8228140579a,2,,,,,,,,,,,,
cf89ee736e5bb47c6cde7ba1780192505c28f94c,2,,,,,,,,,,,,
060425e6016f84fee4d168036499b8ec27de3bda,2,,,,,,,,,,,,
e00c4a63bf5852191b62906ad8d9ee2f323b2bb9,2,,,,,,,,,,,,
ae264b2,2,,,,,,,,,,,,
0a25c09e5527be9277403f01e09260d16e5c7219,2,,,,,,,,,,,,
279c214,2,,,,,,,,,,,,
5JP0217728003299,2,,,,,,,,,,,,
98891a433836314630,2,,,,,,,,,,,,
c92c82097d9f7f3b68f695df57dcce86ab49193d,2,,,,,,,,,,,,
e35485d707c79da4ca507593f878bdcf7483c91e,2,,,,,,,,,,,,
f5a7475549aa66ac1cff98fc768c9c5fb6727ae4,2,,,,,,,,,,,,
7ca884649fccb881ae508d41d324265c7144fa9e,2,,,,,,,,,,,,
83096e04,2,,,,,,,,,,,,
e8c4d8c0,2,0.0,0.0,0.0,0.0,0.0,1.0,0.0,0.0,0.0,0.0,0.0,0.0
4051ee2daa141a45a8847de5f55268a34261a690,2,,,,,,,,,,,,
b8993182e6f5c205f95ec7de56427e89b54ed9bc,2,0.0,0.0,0.0,0.0,0.0,0.0,1.0,0.0,0.0,0.0,0.0,0.0
155caca89bd02bb6449f12de43a1d68a5c5ed6e7,2,0.0,0.0,0.0,0.0,0.0,0.0,0.0,0.0,1.0,0.0,0.0,0.0
db3b787ed01d970a4537df45634e6152e29b6f39,2,,,,,,,,,,,,
8df402ad2377c4372dd86bb48abfcd1951755b88,2,,,,,,,,,,,,
b864d50e,2,0.0,0.0,1.0,0.0,0.0,0.0,0.0,0.0,0.0,0.0,0.0,0.0
8a26fedc,2,,,,,,,,,,,,
39dffcbcb89489177fee56a5f2716d3d3e26724d,2,,,,,,,,,,,,
98399c818f05d4e58a62f0e956a7f6d7492a2d91,2,,,,,,,,,,,,
C4Y7N16A26001134,2,,,,,,,,,,,,
723039b5a367350191742de214898d309e8f2be2,2,,,,,,,,,,,,
16f005d1a6918e7733f0ec87e91ea089cab38b03,2,,,,,,,,,,,,
9fe11909358b3683f5f13d86101174f11e1d7786,2,,,,,,,,,,,,
0958b0d76811199b4197aa2bea48146958b5e460,2,,,,,,,,,,,,
715926a108134fb23123a18923139346a88df16f,2,,,,,,,,,,,,
GSLDU16921004453,2,0.0,0.0,0.0,1.0,0.0,0.0,0.0,0.0,0.0,0.0,0.0,0.0
A2JDU16302006779,2,,,,,,,,,,,,
2b94a62717d6b9451ad9f094489eb6ded46969db,2,,,,,,,,,,,,
143e326609fbde00e0d3accc89dee9ed3c2c68c5,2,0.0,0.0,0.0,0.0,0.0,0.0,0.0,0.0,1.0,0.0,0.0,0.0
5fd46cc0139c6619101b966993600b11e6033f8d,2,,,,,,,,,,,,
RKKDU17B29020778,2,,,,,,,,,,,,
64aef7484be7fb6d630341f53bb9aaa9e6276a35,2,,,,,,,,,,,,
D3H0218205015112,2,,,,,,,,,,,,
259bf7bce4d3aebc34fe645c8924b615535dd335,2,,,,,,,,,,,,
dd7b78f2c49eaeb475adb1e8640661e3abd83ebc,2,,,,,,,,,,,,
ac280181,2,,,,,,,,,,,,
17b057a0bd146736ab12cbd00fe6925f05f7383d,2,,,,,,,,,,,,
e90ee302a818e9838af14093bd9bc1f63dcd61cd,2,0.0,0.0,1.0,0.0,0.0,0.0,0.0,0.0,0.0,0.0,0.0,0.0
TA05309JBZ,2,,,,,,,,,,,,
792QBER622GSU,2,,,,,,,,,,,,
aab3a94314290e1772debff204b61aa5a39d6e93,2,0.0,0.0,0.0,0.0,0.0,0.0,0.0,0.0,1.0,0.0,0.0,0.0
d0c9c0e62ad7b0cd40715b70e6d4fa2bb5e71fb8,2,,,,,,,,,,,,
a63fe54c,2,0.0,0.0,0.0,0.0,0.0,0.0,1.0,0.0,0.0,0.0,0.0,0.0
N8K5T17214015225,2,,,,,,,,,,,,
4d8c499190d76959659db0d57b1f79eb9ceee989,2,,,,,,,,,,,,
8f073b0,2,,,,,,,,,,,,
73f36b12,2,,,,,,,,,,,,
TPG4C17C15012377,2,,,,,,,,,,,,
N8K5T16C26004487,2,,,,,,,,,,,,
ecae26b468668a1c6ee1df0254a93752dccc785a,2,,,,,,,,,,,,
a00a792dcf8fc899f584d2094697cec6bea009c1,2,,,,,,,,,,,,
HMK7N17209018865,2,,,,,,,,,,,,
5415a06a111b4d013020acc1543c76207fcb4611,2,,,,,,,,,,,,
29d26d6a,2,,,,,,,,,,,,
A5R4C17A27002879,2,,,,,,,,,,,,
f6af12a7fe2ac3c8c1300c73e6ad9ad451f781be,2,,,,,,,,,,,,
54cefb4d446a8461c6c25e13a20c993ddfe616b1,2,,,,,,,,,,,,
IVS48SRGLFUKSSPN,2,,,,,,,,,,,,
VED0218412000964,2,,,,,,,,,,,,
98899a46414f414636,2,,,,,,,,,,,,
9bea816f,2,,,,,,,,,,,,
6b03af7fa2b24ef51d0edec88824e201a6c64ccb,2,,,,,,,,,,,,
3HX5T17315003610,2,0.0,0.0,0.0,0.0,0.0,0.0,0.0,0.0,0.0,1.0,0.0,0.0
APU0216719002460,2,,,,,,,,,,,,
C1NGA2E7A2416422,2,,,,,,,,,,,,
fb5647238c303fa70da1a588e92b35827b2d843b,2,0.0,0.0,0.0,0.0,0.0,0.0,0.0,0.0,1.0,0.0,0.0,0.0
88d727ba,2,,,,,,,,,,,,
e1860152f2a5e0b73db20d86de595a2b07026f27,2,,,,,,,,,,,,
FFK0217B11001598,2,,,,,,,,,,,,
6ab56798993f6f40538812821664696a9dfb7ae8,2,,,,,,,,,,,,
e823864dab8075750953b1d012c7d98c6bb3d64b,2,,,,,,,,,,,,
2337701fc75b9551735efc44e81ca41227df5b18,2,,,,,,,,,,,,
e8f450433d2afd17598dae6bbdb1c26fcf12b624,2,,,,,,,,,,,,
QLXBBBA630831295,2,,,,,,,,,,,,
4df09f841b159f67,2,,,,,,,,,,,,
A5RNW17C20004816,2,,,,,,,,,,,,
3e8745d3d6effbd189ae2d18fe1d87cb1a2283ef,2,,,,,,,,,,,,
3d5e5cfa,2,,,,,,,,,,,,
2d5c5aa1551365286870af990ab5e6d9e70a3eeb,2,,,,,,,,,,,,
f043c5ba,2,,,,,,,,,,,,
SQRNW17406012894,2,,,,,,,,,,,,
S47SDYRWZSMV4HEM,2,,,,,,,,,,,,
a62b23729804,2,,,,,,,,,,,,
851QFESH225UY,2,,,,,,,,,,,,
7c8c30e34aca8d672d5d0431ee369f1187847493,2,,,,,,,,,,,,
330b213da62f3a6bbcb68fc5513086eed905a74f,2,,,,,,,,,,,,
030e03b58f4ce17fd8589f6a2ce6fef13e4808de,2,0.0,0.0,0.0,0.0,0.0,0.0,0.0,0.0,0.0,1.0,0.0,0.0
6EJ4C18615009754,2,,,,,,,,,,,,
8FS7N16418015151,2,,,,,,,,,,,,
HMKNW17930001495,2,0.0,0.0,0.0,1.0,0.0,0.0,0.0,0.0,0.0,0.0,0.0,0.0
721QEDSF3C8D5,2,0.0,0.0,0.0,0.0,0.0,0.0,0.0,0.0,1.0,0.0,0.0,0.0
0715f758970f2434,2,0.0,0.0,0.0,0.0,0.0,0.0,0.0,0.0,1.0,0.0,0.0,0.0
5ab3b13419493eb8a29de1056fec452cebf9f414,2,,,,,,,,,,,,
ed6d49e8efa3b2d964d651e441f6531964b65772,2,,,,,,,,,,,,
4c6ecbf00bf4b1ee42a76f90026732566685bdcf,2,,,,,,,,,,,,
9f9c0404fc6f89491d1ced67b66f3939c2d1e305,2,,,,,,,,,,,,
2d0b3ffab425fbc17599b88bd3caf10faacc2604,2,,,,,,,,,,,,
3ff8a5bdbf015b6ecd4616c7afdc0ea537f32094,2,,,,,,,,,,,,
10daf69d914625079526f65ddf5c0e704b9fceb1,2,,,,,,,,,,,,
D3H0218201006634,2,,,,,,,,,,,,
1a8e6cf1,2,,,,,,,,,,,,
59130773a458c0fa4f296c82ddef138d3901e930,2,,,,,,,,,,,,
SJE5T17930024683,2,0.0,0.0,0.0,0.0,0.0,0.0,0.0,0.0,1.0,0.0,0.0,0.0
211f9d7ff5eb36e2c86e36203bf303231f7283ea,2,,,,,,,,,,,,
44b3156fcf9757dee62c5b3d7b34272af1a3a2d0,2,,,,,,,,,,,,
48003cbd,2,,,,,,,,,,,,
a852cf56ecb98eee39b765dbd30831588d3c4ebe,2,,,,,,,,,,,,
c2676e4a81b01c9e0361236951071efeed89c07f,2,,,,,,,,,,,,
416c2bbc,2,,,,,,,,,,,,
a935c6a083b23c9cea7fd0ef3197859cddc64c07,2,,,,,,,,,,,,
4365144edf7e56b20c9bb50550f366f9d89f72ae,2,,,,,,,,,,,,
46c4ac7d5554b0e8eec8f4e50658fcbbeb602b3f,2,,,,,,,,,,,,
543d13b4,2,,,,,,,,,,,,
ff94c81e,2,,,,,,,,,,,,
ccee81e6e9cf4b8c22d7c44d4f3c09416adc20b0,2,,,,,,,,,,,,
CJL5T16120029241,2,0.0,0.0,0.0,0.0,0.0,0.0,0.0,0.0,0.0,0.0,1.0,0.0
a2524913d3636dc4624b84c308bcbf2d42910056,2,,,,,,,,,,,,
d08d186053c52566c398d75bdd2327d832beec02,2,,,,,,,,,,,,
957cb026c48f354b4d736e37b7ecc2244ba53ece,2,,,,,,,,,,,,
63044fca4ad53a54cd65caa9215b2799960773ff,2,,,,,,,,,,,,
c26f339c8a51177797205daf52da302cb0eb433e,2,,,,,,,,,,,,
070efad340ad088f4d70b0dd57e45162ec70ebc1,2,,,,,,,,,,,,
050f2e65d93da4057daa8d55b75ef85139e13426,2,,,,,,,,,,,,
69ef6d5f3c32ee659b240a333200859116ecef6d,2,,,,,,,,,,,,
0597ac8650864fade2245b5bab50831dba03bf09,2,0.0,0.0,0.0,0.0,0.0,0.0,0.0,0.0,0.0,0.0,1.0,0.0
8f4ad9e3f914fc59e0898de82711b227d270ff0c,2,,,,,,,,,,,,
D5F7N18316014935,2,,,,,,,,,,,,
e36fba213a1fe118912241e618c82e78879a20a6,2,,,,,,,,,,,,
6c1ab66a5933d396ee094f59277f9357bf2240d4,2,,,,,,,,,,,,
e6b83185d6a5dbbb1cee3ed6001b783a7018e961,2,,,,,,,,,,,,
21d5981aafccc6d42836eb5d676a53ef33e508f6,2,,,,,,,,,,,,
ba26a2240da13fd096d2eb56af10943519552479,2,,,,,,,,,,,,
PBV5T16612000230,2,,,,,,,,,,,,
LKX0217C02010626,2,,,,,,,,,,,,
a1c343af81088891a17a3795b3f063fb1c8ca8eb,2,,,,,,,,,,,,
b3469b93cb8190686945bf0f92d9ed0c0a8b67f5,2,0.0,0.0,0.0,0.0,0.0,0.0,1.0,0.0,0.0,0.0,0.0,0.0
bd89c8bc,2,,,,,,,,,,,,
58f24d94,2,,,,,,,,,,,,
73aac3c9d244097a76b88abbc57399e5a4d498e9,2,,,,,,,,,,,,
da672edd71505c9022b7e17a30c37461ef3d8835,2,,,,,,,,,,,,
TWGDU16927006799,2,,,,,,,,,,,,
4b3388a1,2,,,,,,,,,,,,
c711c890,2,,,,,,,,,,,,
29e6ed850904,2,,,,,,,,,,,,
4bedf270302284520ccbd528466303dc0719d98d,2,,,,,,,,,,,,
62b43335,2,,,,,,,,,,,,
c878d6ca,2,,,,,,,,,,,,
80QBCP622GJX,2,,,,,,,,,,,,
ea7e6aa1,2,0.0,0.0,0.0,0.0,0.0,0.0,0.0,0.0,1.0,0.0,0.0,0.0
aa330b63123eb907b116f6774732a0403c075ae9,2,,,,,,,,,,,,
WTK7N16914002886,2,,,,,,,,,,,,
c7a8657c6d134c5a4b6a4295a906a4f01c4133a8,2,,,,,,,,,,,,
RJC5T17726020514,2,,,,,,,,,,,,
860BCMQ22TC4,2,,,,,,,,,,,,
a86bbc440519b56e15330418a8e87be0df871cd2,2,,,,,,,,,,,,
6f1cd450cea36ee641e9692c766c66579f416ddc,2,,,,,,,,,,,,
db4ad2089804,2,0.0,1.0,0.0,0.0,0.0,0.0,0.0,0.0,0.0,0.0,0.0,0.0
QMSDU15B09016399,2,,,,,,,,,,,,
32a30ff1e462988e3be1147e232bf6f588f7a394,2,,,,,,,,,,,,
e42500fb236a3e2b1f2b9eab0a66e4b4e350034c,2,,,,,,,,,,,,
9fcacf87a9ef6a0bf9584596c518c64c6a6aabeb,2,,,,,,,,,,,,
8765755697e5b2ea7baef9a04a6f29d8d6f05f32,2,,,,,,,,,,,,
C1NGA2E7A1813546,2,,,,,,,,,,,,
63a6131e,2,,,,,,,,,,,,
d9ad563421974050211a7e5281e06652d8eee6ac,2,,,,,,,,,,,,
55249c0048011b64074d8b236801f2add95b3a44,2,0.0,0.0,1.0,0.0,0.0,0.0,0.0,0.0,0.0,0.0,0.0,0.0
faebdb9d6c536ee64e528246fd25fe90bbaf0a28,2,,,,,,,,,,,,
3eb5e057dc95994e8e16f4375b9a00a826e81ac2,2,,,,,,,,,,,,
9f91e95c0ded4d6a15b299f25443f0a61ed8a292,2,,,,,,,,,,,,
1e90dcf2,2,,,,,,,,,,,,
P7C0217C20003269,2,,,,,,,,,,,,
b56df5b6718b041d44340bcc05ecdb995556e2fc,2,,,,,,,,,,,,
dc98dee1,2,,,,,,,,,,,,
b39780ee0991b4f2f3739ac7114150a179745933,2,,,,,,,,,,,,
020133350c220cfaa76d54a6af23afb3df581590,2,,,,,,,,,,,,
ce0917196b0a1cb50c7e,2,,,,,,,,,,,,
920a34f2fcd73a8c70effcf2345d888647371bef,2,0.0,0.0,0.0,0.0,0.0,0.0,1.0,0.0,0.0,0.0,0.0,0.0
0de57ab8e1af7326a7c0904f240c46adedecfc17,2,,,,,,,,,,,,
8533873e2296101a040b9ef756da68091ffdff8d,2,,,,,,,,,,,,
cd26f8e90dc35f22349863faf241e4c7d7d29c3f,2,,,,,,,,,,,,
CB512E7ZRJ,2,0.0,0.0,0.0,0.0,0.0,0.0,0.0,0.0,1.0,0.0,0.0,0.0
U10AFCPH235TW,2,,,,,,,,,,,,
2185ab7791cb3025a13d076ce6c996da6dfe30db,2,,,,,,,,,,,,
A10EBML299FU,2,,,,,,,,,,,,
a0b8b2afc88dce31809e35e456ff5762e90358f1,2,0.0,0.0,0.0,0.0,0.0,0.0,0.0,0.0,1.0,0.0,0.0,0.0
GJQ4C18529012627,2,,,,,,,,,,,,
356a30eb,2,,,,,,,,,,,,
741AECQJ254CD,2,,,,,,,,,,,,
d84bf862e216f9f11b86dadd8a05ad1a7bd9df3a,2,,,,,,,,,,,,
e6ffb03df9d9c710b8f339ee10e71141b781261e,2,,,,,,,,,,,,
1d3065e2,2,,,,,,,,,,,,
4abbefdc370cb58c3c730b8a78a0d268f333cc00,2,,,,,,,,,,,,
3c892be76399d20e93dfc487b1ca4ffa603a80ee,2,,,,,,,,,,,,
71dbd32d,2,,,,,,,,,,,,
3148f0fe3508c35b38bd613de463498053275aee,2,,,,,,,,,,,,
CB512CCUKM,2,,,,,,,,,,,,
f9a0277f7f83b84f0ca2bb8fba3e10bf21aee410,2,,,,,,,,,,,,
02e365c32416ae9c55e79bd67c58d83fdbb40521,2,,,,,,,,,,,,
2828c8c0,2,,,,,,,,,,,,
131c5975a0beb95edd25876d92674aa85be2aa0d,2,,,,,,,,,,,,
SJE7N17608004016,2,,,,,,,,,,,,
5f0cdfff,2,,,,,,,,,,,,
6df7d4b07d04,2,,,,,,,,,,,,
d73b5e773cc720697470660edb3c1a7d9077eea9,2,,,,,,,,,,,,
ae0e72d0df47e67c389e7e86b304a5015ff35552,2,,,,,,,,,,,,
ec96eac783c831b7ff189fe24f7db84ddb765042,2,,,,,,,,,,,,
983e9ddffc8dda22756ba07fea2ab03bca5d33f1,2,,,,,,,,,,,,
2af5dee017ef2049d827cf5d8c4e7674b97614dd,2,0.0,0.0,1.0,0.0,0.0,0.0,0.0,0.0,0.0,0.0,0.0,0.0
75f85d9e1c1d6a3d286ca2bc00a3c824aebec054,2,,,,,,,,,,,,
fb61f9ae,2,,,,,,,,,,,,
e4d42b763adb391e199ae9a24d511a82528cb57e,2,,,,,,,,,,,,
ec7b7463ec1997c737b900a0231dd6c02e99f622,2,,,,,,,,,,,,
22c6e71ec2e95bcae56000e6d2e638ec429de7db,2,,,,,,,,,,,,
db64ba9623253ea294a049163bc4e419fe169688,2,,,,,,,,,,,,
d16574692deb1d53193e68ddae082c2c86bbc246,2,,,,,,,,,,,,
5c13fc3a,2,,,,,,,,,,,,
faeb45732d4c02fab1bfed5827de28499b0b7aed,2,,,,,,,,,,,,
ea33642a5175e2a5e2a3ae32ce918baf96570b5a,2,,,,,,,,,,,,
1a1da35917253ab7aac98258996116911f7d6272,2,,,,,,,,,,,,
EJL4C17508053196,2,,,,,,,,,,,,
a1d0443b601d56fb900211acd1ab496321952bd1,2,,,,,,,,,,,,
8eb574f2cc68f07c8363b1822ba9ede4a7548126,2,,,,,,,,,,,,
d47ad5395222aae6b6e43f7cc7cf42657e49ef3c,2,0.0,0.0,0.0,0.0,0.0,0.0,1.0,0.0,0.0,0.0,0.0,0.0
793QBERS22296,2,,,,,,,,,,,,
69DDU16601020193,2,,,,,,,,,,,,
6e386a016914a9166446fd031b1cdc1e08abf4b7,2,,,,,,,,,,,,
64c3b4c2,2,,,,,,,,,,,,
ce0817182140143d0c7e,2,,,,,,,,,,,,
3138a84f,2,,,,,,,,,,,,
bb833e2ff55c461ae438a4e5fe9829067073357e,2,,,,,,,,,,,,
79BQADRAZM73R,2,,,,,,,,,,,,
95e2040d25a969e656e929b92a21570f1fb7971a,2,,,,,,,,,,,,
741AEDQS2GZYP,2,,,,,,,,,,,,
e9ee0240a4833bd40f4442b1d5c55c76d767690e,2,,,,,,,,,,,,
RSKBZTVSVKOZVGOV,2,,,,,,,,,,,,
1005714788ce689bab6081830143a90d273fee2d,2,,,,,,,,,,,,
857c3511a485a6653a741641b4792be5ac1031d8,2,,,,,,,,,,,,
af4369b61ba662c073aeb8a8ada3a7714e0dabe2,2,,,,,,,,,,,,
b82f99da669a7dced11935471212bdd0a60c4f28,2,0.0,0.0,0.0,0.0,0.0,0.0,0.0,0.0,1.0,0.0,0.0,0.0
13e3ba9dd41cb1d8a72a81d413baacfafcb8709c,2,0.0,0.0,0.0,0.0,0.0,0.0,1.0,0.0,0.0,0.0,0.0,0.0
D3H0217B29002597,2,,,,,,,,,,,,
f075d254337e8c6d0e89b85b125764c012c0695f,2,,,,,,,,,,,,
42031f720c5a2f531fe6d4b33417a9956375d161,2,,,,,,,,,,,,
2aa3328d,2,,,,,,,,,,,,
a09eeeed63343de3d9609ba64dc2a29762ba4cc9,2,,,,,,,,,,,,
9550f00d966449943e53f313cb6c9b0aff554b73,2,,,,,,,,,,,,
ccab0481ebb3a63316e65cbba3c91e79b84c13ef,2,,,,,,,,,,,,
89b78a58cf09385a8ad2e3f79e9916b006220e23,2,,,,,,,,,,,,
ff77ef9a,2,,,,,,,,,,,,
548bb8ec,2,,,,,,,,,,,,
86e764b2,2,0.0,0.0,0.0,0.0,0.0,0.0,0.5,0.0,0.5,0.0,0.0,0.0
fdaf7b4036b21f465ac527bdcaa662b601eff584,2,,,,,,,,,,,,
019c4ebb106f5fc37cb3b77b56be0b60b6c1daa9,2,,,,,,,,,,,,
07d704bd1b55b539f6dd9a2813f004c4d63dbfeb,2,,,,,,,,,,,,
c2adeaf4,2,,,,,,,,,,,,
610a4788,2,,,,,,,,,,,,
567d099956e81bcf9a12afafdb3b0eb9a3b77c27,2,,,,,,,,,,,,
8c6a2298c7da1246f74eb13f02d2f0268ee68d30,2,,,,,,,,,,,,
151f3af4cb3d1ce38841eb85dccdd3b60c1b5f1c,2,,,,,,,,,,,,
36b3a4a6957a345fd74eabcb17b359d69bdc7ebb,2,,,,,,,,,,,,
GSL0216C17006227,2,,,,,,,,,,,,
609689364badd9663d926c56245ab8373612d01e,2,,,,,,,,,,,,
7c14b468eb2faf44209cd34c5ae0f4ec0c3ba49c,2,,,,,,,,,,,,
da50fda8fce6cbb8b5a00c112de78dab19ce1860,2,,,,,,,,,,,,
3439e59e,2,,,,,,,,,,,,
5LM0216929000411,2,0.0,1.0,0.0,0.0,0.0,0.0,0.0,0.0,0.0,0.0,0.0,0.0
12845646b94815f407f198bcf4f5e5bcc135bd95,2,0.0,1.0,0.0,0.0,0.0,0.0,0.0,0.0,0.0,0.0,0.0,0.0
ec41097e64e87b5b9c4d2fb9358f2645422396fa,2,,,,,,,,,,,,
95AQACPKEGE92,2,,,,,,,,,,,,
e7487999d5b46957c29e32db06225db78eb18b95,2,,,,,,,,,,,,
8786d8c8809ee529cf50b28e5ce3fd0ba1fcb2e5,2,,,,,,,,,,,,
UYT0217A25001534,2,,,,,,,,,,,,
7408cb4848733b14800f86c3d5bd5caa7f503b24,2,,,,,,,,,,,,
721QADRG33N6E,2,0.0,0.0,1.0,0.0,0.0,0.0,0.0,0.0,0.0,0.0,0.0,0.0
99ff39b4c0bc20658b5f8c90aeb57cb2de691241,2,,,,,,,,,,,,
b2920862a3bb2e21d7db4096f7543ac3330940c1,2,,,,,,,,,,,,
fa1f48ad981dc9f0415751afaffcb92d1c68c81f,2,,,,,,,,,,,,
22df5690339cbada0f1de6834444fa0c3816a781,2,0.0,0.0,0.0,0.0,0.0,0.0,1.0,0.0,0.0,0.0,0.0,0.0
29c74293c30381a8f65368babd5269819c2091da,2,0.0,0.0,0.0,0.0,0.0,0.0,1.0,0.0,0.0,0.0,0.0,0.0
71f920b2abe1264da4bf45cb0b29cfd4404a860b,2,,,,,,,,,,,,
546eb1c0269196630c0dd8799e216b7e557c5787,2,,,,,,,,,,,,
456b4a36beaf77935cbd3bd533425c6db0698db4,2,,,,,,,,,,,,
NHG4C16827008156,2,,,,,,,,,,,,
78c3d67bdd161e7a73959b6e3c6a5fbd5186e373,2,,,,,,,,,,,,
f16025c347cb1a3db2c8e025d50ca9864704cd75,2,,,,,,,,,,,,
8FS7N16607007038,2,,,,,,,,,,,,
7f3e5603593fc9563bb1bc6a8996db05c4affe72,2,,,,,,,,,,,,
bb9624ac986827efcf5c227c2bffaa83d854c135,2,,,,,,,,,,,,
fd05db51c237cbceded4f545585acc093b9fcd45,2,0.0,0.0,0.0,0.0,0.0,0.0,0.0,0.0,1.0,0.0,0.0,0.0
d832bb171931f4c5db9af0b93ba0c47d1c7da09b,2,,,,,,,,,,,,
ef1f562ff10202b59cc233e1eb30fac14b004395,2,0.0,0.0,0.0,0.0,0.0,0.0,1.0,0.0,0.0,0.0,0.0,0.0
WJX7N17922005532,2,,,,,,,,,,,,
dbec3ad8b2a0d6bffea3d34561efbe1474662183,2,,,,,,,,,,,,
5a0e143b,2,,,,,,,,,,,,
092690262f83f40608a86bf24c89569aaf28ca85,2,,,,,,,,,,,,
aa05a0403ac02c8375fc4a0d245de1cd8c131ecb,2,,,,,,,,,,,,
11886abe97689f4a3401be8f7d21f13ca1ce6d23,2,,,,,,,,,,,,
d834800d41a7b656333c0e324909a387465eca86,2,,,,,,,,,,,,
LGH990f15c48ae,2,,,,,,,,,,,,
49a3c6d6d3cd06e8c1fbf919290d5c32a1f10fe7,2,,,,,,,,,,,,
37505b232fc32bf525b6738fe1a5fad9a4e1803a,2,,,,,,,,,,,,
2c5276a97b9f94c1121e00c210404681ac08da29,2,,,,,,,,,,,,
cf6b456e,2,,,,,,,,,,,,
cb74fbe9e7559e72bc574f21063f465baa4b61b9,2,,,,,,,,,,,,
1d4569255e04fd41895cf72256659c5b840f4a45,2,,,,,,,,,,,,
db0534270a2991a2f644d41a2fed1e9d53cdf5cb,2,,,,,,,,,,,,
684a3929a17fb8ce756f67942c4a32feb10d29bf,2,,,,,,,,,,,,
c388c17f4f9dd3dc6c598e0893e7e37188f9776c,2,,,,,,,,,,,,
b0b1646d51617db402ccb21e2e7000cc96aa3938,2,,,,,,,,,,,,
FKC0216729001486,2,,,,,,,,,,,,
5EF0217B14010790,2,,,,,,,,,,,,
0771200c660e6d854bd6adce4e6948322714022f,2,,,,,,,,,,,,
2262a9c5f01d8bee1ceed849b7802bfbb41d7901,2,,,,,,,,,,,,
7f9c6e789f35a7ab65a4d14c254ceec6404397f8,2,,,,,,,,,,,,
ce091719b07acc06027e,2,,,,,,,,,,,,
564e5d513451176d3c5c8fa232a002efc71a0eb7,2,,,,,,,,,,,,
65404358bf2c117f9775b67299bc20a53d029b09,2,,,,,,,,,,,,
KWG7N16330005295,2,,,,,,,,,,,,
e344f9d6a2254d3a6c7ac2b33c3f27dfe0514e05,2,,,,,,,,,,,,
WTKGK17713000051,2,,,,,,,,,,,,
78c301a940d720e814e7f45f6eac73c5cf512f0d,2,,,,,,,,,,,,
8320f1aa19687155c60d851439f86f73aaf2a199,2,,,,,,,,,,,,
0a303b69deba3d3dad8e85b7c49380e85f0aa562,2,,,,,,,,,,,,
3c80e4e33b6f5b35f983f326e239fbd354bd54cb,2,,,,,,,,,,,,
8caf91aad0469aa79076110cb88dcf83c6684553,2,,,,,,,,,,,,
a06fc46dabb9c658dcca15c888e8ca23980f08f4,2,,,,,,,,,,,,
8322633d,2,,,,,,,,,,,,
652e38a6fcf5ef32e42e711e51854b620ced3139,2,0.0,0.0,0.0,0.0,0.0,0.0,0.0,0.0,0.0,0.0,1.0,0.0
e218a82bd0d23015f0410a88dcfe41175fb6e223,2,,,,,,,,,,,,
fe13154dc3307d4aa2f058bccd399877359a362b,2,,,,,,,,,,,,
CSX0217613007191,2,,,,,,,,,,,,
443b1a59,2,,,,,,,,,,,,
T8DDU16329015897,2,,,,,,,,,,,,
63da82fa859d42d5627f19bc81c9f3911031b8b0,2,,,,,,,,,,,,
df24819,2,,,,,,,,,,,,
315adcbd,2,,,,,,,,,,,,
M92QACPSYRG54,2,,,,,,,,,,,,
SWYDU17224001696,2,,,,,,,,,,,,
3d1542ff,2,,,,,,,,,,,,
D3H0217B18001563,2,,,,,,,,,,,,
71c9592d,2,,,,,,,,,,,,
TKJJ8SGIB6MVOVSC,2,,,,,,,,,,,,
5534cfc47f918728f27c88d1bcec18d6c47796a1,2,,,,,,,,,,,,
N8K7N17211000210,2,,,,,,,,,,,,
7TUW6SS85SZTUOO7,2,,,,,,,,,,,,
8DF6R16922001468,2,,,,,,,,,,,,
ddabe3bb,2,,,,,,,,,,,,
513aaa4f,2,,,,,,,,,,,,
ca29f0fd5b331c1aae1f2a5827e69d6f7818bdc5,2,,,,,,,,,,,,
a568a806,2,,,,,,,,,,,,
JJMN89SGPRUKEY9L,2,,,,,,,,,,,,
7db9fe27,2,,,,,,,,,,,,
K6T6R17706000407,2,,,,,,,,,,,,
EJL4C17426003837,2,,,,,,,,,,,,
df15b41b,2,,,,,,,,,,,,
12e7555fd959abe20b2b314aa4d09fca7d56b53a,2,,,,,,,,,,,,
0569d56786c9a9932bf95be931dc8bd54069c2c3,2,0.0,0.0,0.0,0.0,0.0,0.0,1.0,0.0,0.0,0.0,0.0,0.0
29472264d47b17d07caca790dbf7c8ee67885384,2,,,,,,,,,,,,
e340a8ab,2,,,,,,,,,,,,
5EF0218124005265,2,,,,,,,,,,,,
e3e00eac6ec524accd46fb672b65d999cafb81fc,2,,,,,,,,,,,,
709e99dba9e53a267f489828efed88e662004266,2,,,,,,,,,,,,
fdf5c8ff,2,,,,,,,,,,,,
1353a8b97a1a9bd85fa492382c59ecd5968bc20e,2,,,,,,,,,,,,
ede9bcf613d85e84f7ddb878672385145fae4eb4,2,,,,,,,,,,,,
d86a9b8fb46055f025e80e78451ac85eaa69a351,2,,,,,,,,,,,,
9df9fcd2feb42b507d67d1b821466343120759bb,2,,,,,,,,,,,,
903c80b576d9f4f78bf3c93958d31d606e15fe32,2,,,,,,,,,,,,
5EF7N17C15020940,2,0.0,0.0,1.0,0.0,0.0,0.0,0.0,0.0,0.0,0.0,0.0,0.0
SJE5T17824005634,2,,,,,,,,,,,,
3HX5T17417002244,2,,,,,,,,,,,,
241f90e17dd2e4ee57a115046c637a1078173220,2,,,,,,,,,,,,
2a1f7148,2,,,,,,,,,,,,
7b8208d3a1877f3e210cc4402057c07d85122044,2,,,,,,,,,,,,
11dcc84d,2,0.0,0.0,0.0,0.0,0.0,0.0,0.0,0.0,0.0,1.0,0.0,0.0
b5833610,2,,,,,,,,,,,,
4ae2ce16d334c8da43df23c0f17741d9d8fc1981,2,,,,,,,,,,,,
13d30bbc1afff99cc052a14d46e3e2fa1877df37,2,,,,,,,,,,,,
d4cfde9f,2,0.0,0.0,0.0,0.0,0.0,0.0,0.0,0.0,1.0,0.0,0.0,0.0
890de2a,2,,,,,,,,,,,,
5LM7N16511001955,2,,,,,,,,,,,,
fa8ee7c522c4f2072e18fa5525ff20df3ad8b8a1,2,,,,,,,,,,,,
50706f216a1c2ac9fc17edce008ad39fabe1bad1,2,,,,,,,,,,,,
5LM7N16415018186,2,,,,,,,,,,,,
860BCN32256W,2,,,,,,,,,,,,
1dda051f,2,,,,,,,,,,,,
FFK0217717002192,2,,,,,,,,,,,,
8e68ffe9246ca6f91702951bcb9cf6fefce99dd0,2,,,,,,,,,,,,
99e3d82f9905,2,,,,,,,,,,,,
e45c5503,2,,,,,,,,,,,,
2bb090a532636ec480b87b1474dc680b72ce4e95,2,,,,,,,,,,,,
dbe15f2f32f2b53d7cf5bc099ab92ce391d979cc,2,,,,,,,,,,,,
928aa68ecea770baf8ad26cc88509313eb376aea,2,,,,,,,,,,,,
67e20d3b1e23304dff9f6ede60f58b7017fcb439,2,,,,,,,,,,,,
CJL0216913003974,2,,,,,,,,,,,,
ee9e64aba1f22717c73c33b0ac48e5148955075d,2,,,,,,,,,,,,
50f46a58,2,,,,,,,,,,,,
c2e8c6b71bb08488162387cdda8cdd3c190340f6,2,,,,,,,,,,,,
89579081,2,,,,,,,,,,,,
WGY0217517001826,2,,,,,,,,,,,,
4922bf95a07dfe64272800ce5dccbf8b35742854,2,,,,,,,,,,,,
197203bde8f88bc6ebf587d1ea4d7302c10d6c7c,2,,,,,,,,,,,,
e26b12ace5abbdf962bd6512655dc0a44a4a6d66,2,,,,,,,,,,,,
b157936b,2,,,,,,,,,,,,
e3ad8d85add74ad49b21e43dc4ff6a066f33d321,2,,,,,,,,,,,,
f7187c69,2,,,,,,,,,,,,
420c4b0ad472c31d,3,,,,,,,,,,,,
37505b232fc32bf525b6738fe1a5fad9a4e1803a,3,,,,,,,,,,,,
A7QDU17C02002063,3,,,,,,,,,,,,
BNU5T17307000285,3,,,,,,,,,,,,
3032c84a1b4d6ec4e7a27be1aedc7f9963374d48,3,,,,,,,,,,,,
2929e392e0aaf265186a20d4f442f21d78648364,3,0.0,0.0,1.0,0.0,0.0,0.0,0.0,0.0,0.0,0.0,0.0,0.0
d526625c03b8e31b79221189dd6cf448871202cd,3,,,,,,,,,,,,
38297513bcc7d67dd25ac54e99d6ed943a1e533d,3,,,,,,,,,,,,
8533873e2296101a040b9ef756da68091ffdff8d,3,0.0,0.0,0.0,0.0,0.0,0.0,0.0,0.0,0.0,1.0,0.0,0.0
6f1493046bd2ef1e53da2ead934d08441ba49e99,3,,,,,,,,,,,,
ZY223KDHLW,3,,,,,,,,,,,,
1cea6c5491b8ba601bf3129a1c3104d874b0ed95,3,,,,,,,,,,,,
69f449f4830c89b9acd848a415f48900ccfa19ce,3,,,,,,,,,,,,
3c9b30a6ee2f23c6a86546c3ca77f4b7d5aa5ce3,3,,,,,,,,,,,,
M92QACPSYRG54,3,,,,,,,,,,,,
060425e6016f84fee4d168036499b8ec27de3bda,3,,,,,,,,,,,,
dd7b78f2c49eaeb475adb1e8640661e3abd83ebc,3,,,,,,,,,,,,
cba63425,3,,,,,,,,,,,,
ba49fd1495d17169eb518e2c5256b0ef526b72b7,3,,,,,,,,,,,,
6199b923774377182b4e205457238bbb55454edf,3,,,,,,,,,,,,
S9B7N17A18004887,3,,,,,,,,,,,,
075eccd5baebffdbb91b0307a77b5e2fa9e54b02,3,,,,,,,,,,,,
3892782e3768920bd94639cccb9208145572e0af,3,,,,,,,,,,,,
TWGDU17715001003,3,,,,,,,,,,,,
bd271ad24c323f96701e8304ee85401e741c0009,3,,,,,,,,,,,,
TPG4C17C19008853,3,,,,,,,,,,,,
53510d1cb3e477ceeafcbd504ac9d1d22e2e811a,3,,,,,,,,,,,,
63469691d24811b0b468a491fbbd3658081fd69e,3,,,,,,,,,,,,
f7a406b69e4bebc1a7e94dae548b28012067a4df,3,,,,,,,,,,,,
7ef86596b1e53dc12c1c7e482c934f368ffb901f,3,,,,,,,,,,,,
8f4d842d926077bff09b533001af9f12e93073dd,3,,,,,,,,,,,,
9f9c0404fc6f89491d1ced67b66f3939c2d1e305,3,,,,,,,,,,,,
95AQACPKEGE92,3,,,,,,,,,,,,
12e7555fd959abe20b2b314aa4d09fca7d56b53a,3,0.0,0.0,1.0,0.0,0.0,0.0,0.0,0.0,0.0,0.0,0.0,0.0
988919414e3342474d,3,,,,,,,,,,,,
1d0c84c0e14d40f9eb07fc760ec4a0f72441b2bb,3,,,,,,,,,,,,
51308e7e,3,,,,,,,,,,,,
317190a8,3,,,,,,,,,,,,
f25c449be47ee7324d1af757e7ad04d50c2d26c8,3,,,,,,,,,,,,
995f6fe1,3,,,,,,,,,,,,
GSLDU16921004453,3,0.0,0.0,0.0,1.0,0.0,0.0,0.0,0.0,0.0,0.0,0.0,0.0
020133350c220cfaa76d54a6af23afb3df581590,3,,,,,,,,,,,,
cb3d20fc67da62db3a07ad202e1b76a5a11bcee8,3,,,,,,,,,,,,
451ded94303bb5b203ae734c668a6da499ac4cfc,3,,,,,,,,,,,,
590d50fb329f25109584135cfb0221f86524fb5a,3,,,,,,,,,,,,
0d2e5255840438206813cb6a17cc87bbcbcd4431,3,,,,,,,,,,,,
ee5bce9e7caeade12816d792e731fec303c0d38a,3,,,,,,,,,,,,
1b1bac07,3,,,,,,,,,,,,
c7c60999f25241f470c4ee0a62b96df311bfe1f3,3,,,,,,,,,,,,
fd88a34b7d407f8cadd5a8ae4c6ae1169b188334,3,,,,,,,,,,,,
3d5e5cfa,3,,,,,,,,,,,,
0fdc782143700fa7ed3af981248015ae5ceb23be,3,,,,,,,,,,,,
2c60268f2e738a76b8146b1db30a95f882a0fc33,3,,,,,,,,,,,,
db0ae36,3,,,,,,,,,,,,
4YY4C17518006350,3,0.0,0.0,0.0,0.0,0.0,0.0,0.0,0.0,1.0,0.0,0.0,0.0
dd4abec6aebf4e4b36cfd00c932b59074e68242b,3,0.0,0.0,0.0,0.0,0.0,0.0,1.0,0.0,0.0,0.0,0.0,0.0
f7519321490f96c298f02318028fa548fa1db310,3,,,,,,,,,,,,
ef2ef8df59bd37e404825bffe12241f1987b420a,3,,,,,,,,,,,,
SS2LHMB772900013,3,,,,,,,,,,,,
75c7eb1fc531b33262e881b60d75ac126fc12609,3,,,,,,,,,,,,
CLB7N18502009866,3,,,,,,,,,,,,
f6432ba8040905a07b383860e57b30fec0ee303f,3,,,,,,,,,,,,
721QEDRG2K629,3,0.0,0.0,0.0,0.0,0.0,0.0,0.0,0.0,0.0,0.0,1.0,0.0
a74b388a1c03b156b9acaf7cf380788de9a058ce,3,,,,,,,,,,,,
98891a433836314630,3,,,,,,,,,,,,
fdaf7b4036b21f465ac527bdcaa662b601eff584,3,,,,,,,,,,,,
1299be43b6ad692574a24cab890602101d6f8082,3,0.0,0.0,0.0,0.0,0.0,0.0,0.0,0.0,1.0,0.0,0.0,0.0
1871fb1a59c9438658eb80cdce2c1112003a1b21,3,,,,,,,,,,,,
8cfcd8a,3,,,,,,,,,,,,
f4b911a1,3,,,,,,,,,,,,
52d7b4608d3c9386a2f9ca66444005e338c94bd4,3,,,,,,,,,,,,
D3H7N17C06000422,3,,,,,,,,,,,,
0151217b1b86ef1f1b4173c853ccfc0c94a92954,3,,,,,,,,,,,,
8765755697e5b2ea7baef9a04a6f29d8d6f05f32,3,,,,,,,,,,,,
M96GBEQE226VG,3,,,,,,,,,,,,
977625d68c6ad509e0c9010dc2ef97fa6d52d1c8,3,,,,,,,,,,,,
ced60f0a8f2fb9bbb7587402376e08069b6de002,3,,,,,,,,,,,,
29b1365f,3,,,,,,,,,,,,
7f41b28e,3,0.0,0.0,0.0,0.0,0.0,0.0,1.0,0.0,0.0,0.0,0.0,0.0
b4798920d77be24ef2a2f82544aefe9847f2cf0c,3,,,,,,,,,,,,
CSXDU17904001496,3,,,,,,,,,,,,
3ae304b4ea2ddb7e36653d40d712ff7663f5e518,3,0.0,0.0,0.0,1.0,0.0,0.0,0.0,0.0,0.0,0.0,0.0,0.0
3bf279f69957c574f8fe01e1f7f91bf9d9b96799,3,,,,,,,,,,,,
edfef02734f171c8ed02194e631fe15af0d802d9,3,0.0,0.0,0.0,0.0,0.0,0.0,0.0,0.0,1.0,0.0,0.0,0.0
78e2911ad22d450b3aa1d966143d63e13560accc,3,,,,,,,,,,,,
b2d4dd92,3,,,,,,,,,,,,
e24e5e7627a3cfde117eae5622208339b8fe1f4d,3,,,,,,,,,,,,
d5d0150a,3,,,,,,,,,,,,
27c6e9a4160f57b7758bebcd4daf30739442f473,3,,,,,,,,,,,,
f041d434,3,,,,,,,,,,,,
bbc03b39,3,,,,,,,,,,,,
5eee7833,3,,,,,,,,,,,,
52f8363262127b79204fe44c9db0b5e9cbbe26e9,3,,,,,,,,,,,,
efd8c472,3,,,,,,,,,,,,
2565ba9f5101d6966cd6e1fd7885ff80ba6e8315,3,,,,,,,,,,,,
2828c8c0,3,,,,,,,,,,,,
95c6b8f6f82f7cd377ac6f9c712dc9b2ed858a59,3,,,,,,,,,,,,
b644438731fabe642aa8dd8d42b0d3799b92fde3,3,,,,,,,,,,,,
1a5dcec4,3,0.0,0.0,1.0,0.0,0.0,0.0,0.0,0.0,0.0,0.0,0.0,0.0
74f5e92c,3,,,,,,,,,,,,
ff83f1e7a35f63e2acee7b5b1ebc1d42d7939beb,3,,,,,,,,,,,,
6aa05dfac87dffd15ab4cac5d657ce578cd6de0a,3,,,,,,,,,,,,
N8K7N16B16000763,3,,,,,,,,,,,,
3f6ce8a43e66aadfba184f53e977e0b1a56de1f7,3,,,,,,,,,,,,
29fbaca6ea269d871141e4270a43b208bfa5bbf7,3,,,,,,,,,,,,
8e480f65bd79f39e24eab711403847fdf26cc1c5,3,,,,,,,,,,,,
LE67A06300359912,3,,,,,,,,,,,,
d340609bdf28fa86aedcd998b860f0b32f850d72,3,,,,,,,,,,,,
C4M0217C04001466,3,,,,,,,,,,,,
6efc82e824eaf38817cb2d1c95c780edbd23765c,3,,,,,,,,,,,,
12507f188b7cb85d05c063f5697cf9dfbe06478f,3,,,,,,,,,,,,
SJE0217909004003,3,,,,,,,,,,,,
Q4RGUWPB99999999,3,,,,,,,,,,,,
7592d9c47657b62464aa595e5b60cc55e98d516c,3,,,,,,,,,,,,
431e59bea1c09811ff1dca5ceb6e3662fabc0607,3,,,,,,,,,,,,
e0b2a867abbe0f717ab7b0c7968da3a0b04d8e02,3,,,,,,,,,,,,
34b9216c0704,3,,,,,,,,,,,,
63044fca4ad53a54cd65caa9215b2799960773ff,3,,,,,,,,,,,,
d4773c33f13803f0ba579cec37be1cf9f6bfe87c,3,,,,,,,,,,,,
42968a16,3,,,,,,,,,,,,
7b6585e,3,0.0,0.0,0.0,0.0,0.0,0.0,1.0,0.0,0.0,0.0,0.0,0.0
58b11a7e,3,,,,,,,,,,,,
Y2J7N17309000914,3,,,,,,,,,,,,
f1ab8977d140,3,,,,,,,,,,,,
a3edfc59a4a6f407403e2d931fad8e4c8a690527,3,,,,,,,,,,,,
efbea147,3,,,,,,,,,,,,
ed12d8af,3,,,,,,,,,,,,
6cd121676e00c8f4b26685ae5f69df1d6dd04b85,3,,,,,,,,,,,,
1741be8905cc895bb8a06eff46c4ac2df56eec09,3,,,,,,,,,,,,
VED0218412000964,3,0.0,0.0,0.0,1.0,0.0,0.0,0.0,0.0,0.0,0.0,0.0,0.0
394ecbe0d1cb729ce5033d4a670c1c2c423f9aaf,3,,,,,,,,,,,,
be7bde64,3,,,,,,,,,,,,
M92QSCQMZF2FA,3,,,,,,,,,,,,
cf8f4ebff30dc3c0fff99b7012f4b847d89019b0,3,,,,,,,,,,,,
ce0917196b0a1cb50c7e,3,,,,,,,,,,,,
TGBQU4YSHMSOJNHA,3,,,,,,,,,,,,
7989d4f90803,3,,,,,,,,,,,,
8fde815a3c2ec07ce17b6d30bc416df5e25f66d8,3,,,,,,,,,,,,
edb87c1358df6b59321e59a43f8fd7196f2ea42b,3,,,,,,,,,,,,
NHG4C16827008156,3,,,,,,,,,,,,
C5H9KA9630200933,3,,,,,,,,,,,,
131886f4f1b55d94291055fadd766158a9f9ff81,3,,,,,,,,,,,,
c37718ed554a8a27ac3d0eecf0f6b5753b0fbe5a,3,,,,,,,,,,,,
9962f40a6ca7ba77181507341fd543bcfc1c7b0e,3,,,,,,,,,,,,
5EF0217C14007074,3,0.0,0.0,0.0,0.0,0.0,0.0,0.0,0.0,0.0,0.0,1.0,0.0
6f5391901a4983eeca6a1bb4e90ff5f904d04ac3,3,,,,,,,,,,,,
bfb808fb15960090827fe5fea37b191803ba5ab0,3,,,,,,,,,,,,
c05b8d03864f0cb3034b7632b93ad36731549fc5,3,,,,,,,,,,,,
8BN0217B25005857,3,,,,,,,,,,,,
76a96f57b6e0beab9cb7d118ed3c18411e8909a9,3,,,,,,,,,,,,
52186bd80d27c1a419bfd322a7ae1acb0417eec6,3,,,,,,,,,,,,
a02da022963e016b5a5c25f0098e5b507c40ef85,3,,,,,,,,,,,,
450b5f717eb06192b8b16da2ba729ca19315cf7c,3,,,,,,,,,,,,
f76476a7acd5ac4b16ab5002c1cf71dba49ef20b,3,,,,,,,,,,,,
db6bc2c8,3,,,,,,,,,,,,
315adcbd,3,,,,,,,,,,,,
3HX0216C29000927,3,,,,,,,,,,,,
16112634425112713109071f4aaf8f4cf6b17014,3,0.0,0.0,0.0,1.0,0.0,0.0,0.0,0.0,0.0,0.0,0.0,0.0
741AECQL26XTC,3,,,,,,,,,,,,
8f4ad9e3f914fc59e0898de82711b227d270ff0c,3,,,,,,,,,,,,
CLB7N18329013407,3,0.0,0.0,0.0,0.0,0.0,0.0,0.0,0.0,0.0,1.0,0.0,0.0
TA00404YCJ,3,,,,,,,,,,,,
81305fd7d23b5b24617b56e5f1e64d34c6d28c2a,3,,,,,,,,,,,,
68ede851a534aeaedd84565579d1a7335fff2a0e,3,,,,,,,,,,,,
1ca5dfe6fc0df40147aabfb9fd5a5c431fe62d6a,3,,,,,,,,,,,,
ea33642a5175e2a5e2a3ae32ce918baf96570b5a,3,,,,,,,,,,,,
dbe15f2f32f2b53d7cf5bc099ab92ce391d979cc,3,,,,,,,,,,,,
95739c69eb851582edcdb7fe6cbcee8313aa8709,3,,,,,,,,,,,,
e386e728793ef41735f1dc1afb89b575a0615d61,3,,,,,,,,,,,,
040501e72e2d1f3edae50f1e1e89c4eb66aaf182,3,,,,,,,,,,,,
HMKNW17930001495,3,0.0,0.0,0.0,1.0,0.0,0.0,0.0,0.0,0.0,0.0,0.0,0.0
de66912e9c55a4dbd8891eaf9fe5a4737cf9fb4b,3,,,,,,,,,,,,
FFK0217A14001662,3,,,,,,,,,,,,
063475ddfb65f0b1fe4904fef55e035b5c46d82d,3,,,,,,,,,,,,
3c892be76399d20e93dfc487b1ca4ffa603a80ee,3,0.0,0.0,0.0,0.0,0.0,0.0,1.0,0.0,0.0,0.0,0.0,0.0
1aa42e1f37017ece,3,,,,,,,,,,,,
21115013c5c39370727167985a078f862aa7f93f,3,,,,,,,,,,,,
B2T7N16926000308,3,,,,,,,,,,,,
96897c36b218ef035819e932cbf903825de73ff1,3,0.0,0.0,1.0,0.0,0.0,0.0,0.0,0.0,0.0,0.0,0.0,0.0
5EF0217B02009137,3,,,,,,,,,,,,
957cb026c48f354b4d736e37b7ecc2244ba53ece,3,,,,,,,,,,,,
f0a1c6b0,3,,,,,,,,,,,,
b0bdef7ff330455ae67c70eb471eaf4f3e9a2ccc,3,,,,,,,,,,,,
64b87fb2,3,,,,,,,,,,,,
A5R7N18302001781,3,,,,,,,,,,,,
e8549a42550d092bede87c4f533265b6d433e995,3,0.0,0.0,1.0,0.0,0.0,0.0,0.0,0.0,0.0,0.0,0.0,0.0
a5f61050f7acdf3e93c1e54283de2ff2ef321e95,3,,,,,,,,,,,,
9c7d2a03283d9a8155d90439f8a3ab0d07c780f6,3,,,,,,,,,,,,
615398fa0825ac88bd4d05628c8ff6323560007e,3,,,,,,,,,,,,
efe663fdd7a5af91d9b2b001815d59b7b829bf39,3,,,,,,,,,,,,
4fa555a8a14ffdf37ed7636d6cc18f4430b14ec6,3,0.0,0.0,0.0,0.0,0.0,0.0,1.0,0.0,0.0,0.0,0.0,0.0
7a6582906176da34d45b4bd98b4ee8a0a9d2e0b1,3,,,,,,,,,,,,
ce0fd4c4,3,,,,,,,,,,,,
ce061716e5377c05017e,3,,,,,,,,,,,,
1f037b20619a70b5cfe51961b08ed5977698e977,3,,,,,,,,,,,,
3HX0217908002780,3,,,,,,,,,,,,
f571982c1965b5b1aef6dfe83b27a18b6073b436,3,,,,,,,,,,,,
c53843f1eb7484043c202c69fb0ad5dd1cc709ce,3,,,,,,,,,,,,
2f8230f47045fa1c7b0cf00cefd93bcfa7105e2f,3,,,,,,,,,,,,
8144ad66c8af49e87f26043a89aba187bfa5b1f5,3,,,,,,,,,,,,
WTK7N16A22012298,3,,,,,,,,,,,,
50f46a58,3,,,,,,,,,,,,
d2776a81,3,,,,,,,,,,,,
N8K5T16B29017917,3,,,,,,,,,,,,
b82f99da669a7dced11935471212bdd0a60c4f28,3,,,,,,,,,,,,
1c9565e6e4ef349a311fef92d38f25e37cadef5f,3,0.0,0.0,0.0,0.0,0.0,0.0,0.0,0.0,0.0,0.0,0.0,1.0
df668d0d,3,,,,,,,,,,,,
56ac0c99,3,,,,,,,,,,,,
5534cfc47f918728f27c88d1bcec18d6c47796a1,3,,,,,,,,,,,,
630aa85,3,,,,,,,,,,,,
8d6118eb7ed289d425b0e017227d2aa20574cf51,3,,,,,,,,,,,,
e6f3cde55eb12b0f699559de88029a504bbbc363,3,,,,,,,,,,,,
17b057a0bd146736ab12cbd00fe6925f05f7383d,3,,,,,,,,,,,,
2aa3328d,3,,,,,,,,,,,,
7783e34c,3,,,,,,,,,,,,
0aa6053a2e755a1d4b840296f8f883a1c30f328b,3,,,,,,,,,,,,
0426712c817f758b5378cdef642374920f99a06c,3,,,,,,,,,,,,
1057563c20e71c069aa87afe2e5bef7b1b79f301,3,,,,,,,,,,,,
1d9c672,3,,,,,,,,,,,,
2475c809,3,0.0,0.0,1.0,0.0,0.0,0.0,0.0,0.0,0.0,0.0,0.0,0.0
af2ec70,3,,,,,,,,,,,,
2c5276a97b9f94c1121e00c210404681ac08da29,3,,,,,,,,,,,,
9a496193cf01fd49a2a1580b3ab2f3e3f00c249a,3,,,,,,,,,,,,
3f9c9a9150daec65ae5bc775f9f2a3f0e0c77c71,3,,,,,,,,,,,,
3584e7284daa6b384097c2f61e3816f25077e599,3,,,,,,,,,,,,
a17f1983,3,,,,,,,,,,,,
081ccfdfc5f0b05e293bb9a107efb95eec9d508c,3,,,,,,,,,,,,
09c2d2e29cee18815beea010795b706be9f0b4af,3,,,,,,,,,,,,
QOOJAQEY99999999,3,,,,,,,,,,,,
92410d1723bd57d28d144f1d81b7b2a901fe903d,3,,,,,,,,,,,,
a196a485f8edf33df89e4eadecb0f065ff2137ae,3,,,,,,,,,,,,
CJL7N16731000625,3,,,,,,,,,,,,
fb5647238c303fa70da1a588e92b35827b2d843b,3,0.0,0.0,0.0,0.0,0.0,0.0,0.0,0.0,1.0,0.0,0.0,0.0
c59a70cd8678b73290edbb54a58d4deda1f03666,3,,,,,,,,,,,,
049660c79b26de86920c343eafce8786a9b6f264,3,,,,,,,,,,,,
a0e92bdc4c31457ab175d813c5225ac9685a74fc,3,,,,,,,,,,,,
15ff562988947d92a3fc5fb0a9fbcb3c285aec3a,3,,,,,,,,,,,,
ef04368244052ff3cfb5f30310ae73492c44cbb4,3,,,,,,,,,,,,
P7C0218201018625,3,,,,,,,,,,,,
849409d577ba2ce8de039fd216ceb826022efcb6,3,,,,,,,,,,,,
a4d82341a063de6e1d23b9ece5dad97752f87e75,3,,,,,,,,,,,,
c3f6792abbf454d24794a1ba2d8465d2e3a5fa94,3,,,,,,,,,,,,
b6b2aa93,3,,,,,,,,,,,,
GWY0216C28001973,3,,,,,,,,,,,,
f1f02a2b8dc43839d1fa7de4bc098f4dc28161de,3,,,,,,,,,,,,
0a303b69deba3d3dad8e85b7c49380e85f0aa562,3,,,,,,,,,,,,
84ac928306349ac40b68d72e1d3ba86a0aea419e,3,,,,,,,,,,,,
78b5131e3f0fc06d9df1fa2123be6ff00646984f,3,,,,,,,,,,,,
513aaa4f,3,,,,,,,,,,,,
5dccf212a2f414dfd2dc1745bbc68ea2c8be05d3,3,,,,,,,,,,,,
7bf74259a779b21bf521d55c88cf011678bee02f,3,0.0,0.0,0.0,0.0,0.0,0.0,0.0,0.0,0.0,0.0,1.0,0.0
13e3ba9dd41cb1d8a72a81d413baacfafcb8709c,3,,,,,,,,,,,,
LGUS996547b3017,3,,,,,,,,,,,,
3HX7N17216010505,3,,,,,,,,,,,,
e652a72,3,,,,,,,,,,,,
7ee5f8d1719e4cac487f0db050e252705961a9b8,3,,,,,,,,,,,,
70c6caec7d03,3,,,,,,,,,,,,
49d061770f4401a42e8a6387696c7229b378f040,3,,,,,,,,,,,,
383a1b34,3,,,,,,,,,,,,
7b8208d3a1877f3e210cc4402057c07d85122044,3,,,,,,,,,,,,
60368c63eebe38a09578a53f40173e317e3c1f17,3,,,,,,,,,,,,
152c8265,3,,,,,,,,,,,,
9f79b65d78d0229216aeb71acae9afd7bf73019a,3,,,,,,,,,,,,
b6aa373c71b7b6b206e4a3c9dc4e95fb3c14a6b2,3,,,,,,,,,,,,
cb74fbe9e7559e72bc574f21063f465baa4b61b9,3,,,,,,,,,,,,
6625aa6daf8d2de441517f43fc82aa428118f635,3,,,,,,,,,,,,
ce1fdc4a51def2a94b10d2fb274e95478f4d122c,3,,,,,,,,,,,,
2fa9a89ea0723cdec23eb6eabecbd6b6fc379b75,3,,,,,,,,,,,,
c92208de1730105a52240251e5cb9f58e679c570,3,,,,,,,,,,,,
378f3d497bad12482b5d8b0d6cb6fcde43d4ac70,3,,,,,,,,,,,,
c418defa,3,0.0,0.0,0.0,0.0,0.0,0.0,1.0,0.0,0.0,0.0,0.0,0.0
9425ee4449d6f27fb07fab79489a923e66768f10,3,,,,,,,,,,,,
721QACRA22PM6,3,,,,,,,,,,,,
C4Y7N16A26001134,3,,,,,,,,,,,,
8f0e4aa190bb3bc6d8c764c28af01c83a86a81c0,3,,,,,,,,,,,,
D3H5T18502001514,3,,,,,,,,,,,,
fb58835c49a406cd7f211f5a8ba107042bd43424,3,,,,,,,,,,,,
0ea5e39f0f0ab8d3b070b6ba408c21fc543bdef1,3,,,,,,,,,,,,
WGY0217517001826,3,,,,,,,,,,,,
9aef2bb7528ab67338f18fc8832d82a94fde97a9,3,,,,,,,,,,,,
5EF0218521000727,3,,,,,,,,,,,,
NDF7N18228003442,3,,,,,,,,,,,,
H6D7N15421003290,3,,,,,,,,,,,,
ffd1e1f8974b4b7c57557cef4850830e14469977,3,,,,,,,,,,,,
9b610fccf634aa2ed50eb1c445427179b5081f3b,3,,,,,,,,,,,,
bd5b64113f9c16034a5df23bdf9ba4c80c12b601,3,,,,,,,,,,,,
TEX9K17A13900799,3,,,,,,,,,,,,
e34cd2ea781f8342708c9d13c7484f4806025683,3,,,,,,,,,,,,
6af790aaf2b8d82072c68d6dfcd231242beb5a4b,3,,,,,,,,,,,,
GSLDU16823000054,3,,,,,,,,,,,,
4a7bac47,3,,,,,,,,,,,,
131c5975a0beb95edd25876d92674aa85be2aa0d,3,,,,,,,,,,,,
4544c86c,3,,,,,,,,,,,,
2ea5c687502c78362b4b6f4f5c6703aa4b09e53d,3,,,,,,,,,,,,
4dfb464d,3,,,,,,,,,,,,
49e9822084e8eb906f76635cbf2587a00b0e31c6,3,,,,,,,,,,,,
RKKDU17B29020778,3,,,,,,,,,,,,
417d0acc5d424ce711bdf4a25c4fe84034c31017,3,,,,,,,,,,,,
2f08f795c969f9df40e9e81b6c9fc73bf4829bab,3,,,,,,,,,,,,
ac8682a1ee8cac274d4613c3cc9272fd9ef4f925,3,,,,,,,,,,,,
7ea615b3,3,,,,,,,,,,,,
51513d93b968c223dd2bc984b4ed29f6a0672e21,3,,,,,,,,,,,,
32dc99f6e78d8cf03204ef8e037d360c874d003b,3,0.0,0.0,1.0,0.0,0.0,0.0,0.0,0.0,0.0,0.0,0.0,0.0
VED7N18509006186,3,,,,,,,,,,,,
EJL4C17426003837,3,0.0,0.0,0.0,0.0,0.0,0.0,0.0,0.0,0.0,0.0,1.0,0.0
d1d146676f5cf5a2664930533d30301a258e4818,3,,,,,,,,,,,,
31606cadf0a2e2b659974932d9850f2d38e07f84,3,,,,,,,,,,,,
ef7eaec55edd82027230c6ec8ed4361b530ca92e,3,,,,,,,,,,,,
9cb54a7be097465bd09e03cc4cd5efff07600c0d,3,,,,,,,,,,,,
379aa250,3,,,,,,,,,,,,
TEV0217415004324,3,,,,,,,,,,,,
WOYTQGU85LMRSCJJ,3,,,,,,,,,,,,
83f218c07fd080360460bfb7298444639c4bda6d,3,,,,,,,,,,,,
e2637ed7ba7568b1a3778ea48c19f6f5fdcf960d,3,,,,,,,,,,,,
dea225b7,3,0.0,0.0,1.0,0.0,0.0,0.0,0.0,0.0,0.0,0.0,0.0,0.0
62eb3e85e71075a119551ad0b983b172357f3a4c,3,,,,,,,,,,,,
f91e80c3516211abe45b2077c095eef6197eac96,3,,,,,,,,,,,,
f16025c347cb1a3db2c8e025d50ca9864704cd75,3,,,,,,,,,,,,
daa293efe15d5109cd4092d5c84369b37e3efadf,3,,,,,,,,,,,,
d0df0c8cceb2e949ec9f6f6631c04989cfdfb12e,3,,,,,,,,,,,,
e155a2c675d1aaef00eba2b1f0350a8879c61849,3,0.0,0.0,0.0,0.0,0.0,0.0,0.0,0.0,0.0,1.0,0.0,0.0
afcf75365d6ace0450bfb646809feccac0d18088,3,,,,,,,,,,,,
e340a8ab,3,,,,,,,,,,,,
IVS48SRGLFUKSSPN,3,,,,,,,,,,,,
1741ef0d576613b9f95b7c96e14af27bfbb4b817,3,,,,,,,,,,,,
ba30a8f4ac2727a5e08c90ed4181a7df41f6d1bb,3,,,,,,,,,,,,
1666b0286db1c7cb44a0fdcd59e3a37e70b776da,3,,,,,,,,,,,,
fe5f4b85,3,,,,,,,,,,,,
549747b473a1ffe38a84804697b0348ada9b6ae2,3,,,,,,,,,,,,
1521c3722e721f6fc5e9daee66c86a39ca5ee726,3,,,,,,,,,,,,
c71fce5a7d93,3,0.0,0.0,0.0,0.0,0.0,0.0,0.0,0.0,0.0,0.0,0.0,1.0
3HX5T17824003507,3,,,,,,,,,,,,
3HX7N17111022770,3,,,,,,,,,,,,
cd70283891986199a0e340de8d219b063020cbad,3,,,,,,,,,,,,
b64d4d2c2da9dc7652f3d20259fe9a95c70f5dcd,3,,,,,,,,,,,,
54a4e1c,3,,,,,,,,,,,,
a1ce31ca8226099d889e2b8fc1b45470c27d51d9,3,,,,,,,,,,,,
ba025998,3,,,,,,,,,,,,
c106dc3717613032d13eaa9dbd628e817794dd6f,3,,,,,,,,,,,,
b9b6f511f71aae6aa1b193f98d3588a863b024cf,3,,,,,,,,,,,,
df641e9986478eed66133654c9133b98a928d59f,3,,,,,,,,,,,,
WJX7N17A09003063,3,,,,,,,,,,,,
a06fc46dabb9c658dcca15c888e8ca23980f08f4,3,,,,,,,,,,,,
155b47a3cd29f22d19db73c8e2466a24fb281fe2,3,,,,,,,,,,,,
c57390bfdb9621d91bcbde510c56140bded795a8,3,,,,,,,,,,,,
91afbb662903567bff09bb24d3fa2fbc7c06a0af,3,0.0,0.0,0.0,0.0,0.0,0.0,0.0,0.0,1.0,0.0,0.0,0.0
b56df5b6718b041d44340bcc05ecdb995556e2fc,3,,,,,,,,,,,,
45be48db,3,,,,,,,,,,,,
c7a8657c6d134c5a4b6a4295a906a4f01c4133a8,3,,,,,,,,,,,,
9a5169fbc9087481ff8f9f394f38b1a22f46dd91,3,,,,,,,,,,,,
FFKDU17A13002342,3,,,,,,,,,,,,
b2d0f8c4169ce02455e495a2c79e12bd2e1948f7,3,,,,,,,,,,,,
f33ead8b14ed337a780cf75a435bc3ab113a6eec,3,0.0,0.0,0.0,0.0,0.0,0.0,0.0,0.0,0.0,1.0,0.0,0.0
a41a1cad6c9fad825de20906fd4a627e0e7810eb,3,,,,,,,,,,,,
f19e33fcf62eccc6db9ed7855b44dc9296a8e4e2,3,,,,,,,,,,,,
860BCMQ22TC4,3,,,,,,,,,,,,
14c449f79497d093eba54f68c7e8945bddbef624,3,,,,,,,,,,,,
K6T6R17706000407,3,,,,,,,,,,,,
3fca29e0c52e97a1b4017c2533ea79fd5a8f916c,3,,,,,,,,,,,,
e800a81d,3,,,,,,,,,,,,
UDN7N17C26001777,3,,,,,,,,,,,,
bfb0da22a978d7fa1a5f8cc3a308c3067bff5474,3,,,,,,,,,,,,
6bbff398f7b608ccb313cf2271be8b2e36f2a66d,3,,,,,,,,,,,,
4fddd0e37d23,3,,,,,,,,,,,,
ece77a3e,3,,,,,,,,,,,,
78e62f9db565bc62528b339de1d118906ca05a35,3,,,,,,,,,,,,
7ea876bcd6c02dadf93a01295330494ed5eb3dfd,3,0.0,0.0,0.0,0.0,0.0,0.0,0.0,0.0,1.0,0.0,0.0,0.0
b402a1163243c8aaff25b0c700f8a5b13665b1f6,3,0.0,0.0,0.0,1.0,0.0,0.0,0.0,0.0,0.0,0.0,0.0,0.0
5995661c7b36bed0dd577ad1c256dc90f8fc8127,3,,,,,,,,,,,,
e18f4949e25868770cae75ef12fb0d5935fbd97d,3,,,,,,,,,,,,
cba84056d9b4144c7ceed19dbd5bc1e49cad5229,3,,,,,,,,,,,,
ce08171822030511027e,3,,,,,,,,,,,,
ce0917197c78901d0c7e,3,0.0,0.0,0.0,0.0,0.0,0.0,0.6666666666666666,0.0,0.3333333333333333,0.0,0.0,0.0
f8edc1d758e4cebdc5330999e8f8765453741e35,3,,,,,,,,,,,,
ce091719ed5338670d7e,3,,,,,,,,,,,,
0ff576b7d4876d5d4bc70c4591ba66c9239e59f2,3,,,,,,,,,,,,
6d1cc923b7d01cca2a08d3a3bd171a189b494902,3,,,,,,,,,,,,
e6228fc1fd2003a56a9a7ee95d1026c6caa3209b,3,,,,,,,,,,,,
9f9521fe74570e35fed054777b1796ed95ffa773,3,,,,,,,,,,,,
99d0bebfc621a72f12ee2bdc1a3e437d611911b9,3,,,,,,,,,,,,
43d27e50,3,,,,,,,,,,,,
3ed390c242fb670f726cdfc244379ad3fadb318f,3,,,,,,,,,,,,
0d424e967f4f1e7930c7f2f1abbbe527d7190fe0,3,,,,,,,,,,,,
3e66b7a3,3,,,,,,,,,,,,
1c0b1e0072b8c1488d4ff0b201b8654e4fc15ee5,3,,,,,,,,,,,,
9889544839474a5132,3,,,,,,,,,,,,
a7a364e2,3,,,,,,,,,,,,
155caca89bd02bb6449f12de43a1d68a5c5ed6e7,3,,,,,,,,,,,,
3HX0217915007691,3,,,,,,,,,,,,
8BNDU17923003231,3,,,,,,,,,,,,
8e202c6f06f56588e9d43604e1e01f03a640b19a,3,,,,,,,,,,,,
da4080c0,3,,,,,,,,,,,,
